campagna,MedianWeight,MeanWeight,TemperatureC,DOmgL,pH,Year,Monthnumber,Week,Dayofmonth,Hour,SpConducibilitymicroScm,DOoutmgLTARGET,pHout,ConducibilitymicroScm,DOsat,DOlocal,SpConducibilitymicroScmOUT,Tagliag,Biomassakg,quantomangimekg,timestamped,y_test,predicted
265,2,52.0,52.0,8.672,11.47,7.58,2019,11,48,28,0,176.33684640522856,11.06,7.54,138.4962121212119,110.59339826839778,110.59339826839778,177.80805369127543,52.08,5065.0,0.0,2019.0_48.0_28.0_0.0,11.06,10.8791065
549,2,74.0,79.98958333333336,3.986,10.7,7.85,2019,12,50,13,11,176.33684640522856,10.61,7.78,138.4962121212119,110.59339826839778,110.59339826839778,177.80805369127543,61.86,4239.0,0.0,2019.0_50.0_13.0_11.0,10.61,11.229282
484,2,69.5,69.5,5.443,10.48,7.83,2019,12,50,10,2,176.33684640522856,10.55,7.81,138.4962121212119,110.59339826839778,110.59339826839778,177.80805369127543,93.36,7.105,0.0,2019.0_50.0_10.0_2.0,10.55,11.070528
368,2,61.0,58.5,7.537,11.44,7.56,2019,12,49,2,11,176.33684640522856,10.7,7.49,138.4962121212119,110.59339826839778,110.59339826839778,177.80805369127543,92.07,6.805,0.0,2019.0_49.0_2.0_11.0,10.7,10.837012
339,2,77.0,80.16666666666666,7.026,12.6,7.66,2019,12,48,1,8,176.33684640522856,11.63,7.55,138.4962121212119,110.59339826839778,110.59339826839778,177.80805369127543,53.77,5216.0,0.0,2019.0_48.0_1.0_8.0,11.630001,10.804796
217,2,60.5,64.56250000000001,8.955,11.02,7.53,2019,11,48,25,11,176.33684640522856,9.82,7.41,138.4962121212119,110.59339826839778,110.59339826839778,177.80805369127543,50.96,4975.0,0.0,2019.0_48.0_25.0_11.0,9.819999,10.817768
297,2,65.5,67.125,8.209,12.0,7.62,2019,11,48,29,5,176.33684640522856,11.01,7.54,138.4962121212119,110.59339826839778,110.59339826839778,177.80805369127543,52.64,5114.0,0.0,2019.0_48.0_29.0_5.0,11.010001,10.812641
147,2,62.5,65.2,8.877,11.49,7.6,2019,11,47,23,0,176.33684640522856,10.81,7.51,138.4962121212119,110.59339826839778,110.59339826839778,177.80805369127543,49.95,4887.0,0.0,2019.0_47.0_23.0_0.0,10.81,10.631811
122,2,68.0,70.89473684210526,8.518,11.51,7.52,2019,11,47,21,10,176.33684640522856,10.67,7.39,138.4962121212119,110.59339826839778,110.59339826839778,177.80805369127543,82.15,6.109,0.0,2019.0_47.0_21.0_10.0,10.67,10.707267
496,2,80.0,78.16000000000001,4.705,10.83,7.83,2019,12,50,10,9,176.33684640522856,10.75,7.81,138.4962121212119,110.59339826839778,110.59339826839778,177.80805369127543,93.36,7.105,50.0,2019.0_50.0_10.0_9.0,10.749999,10.803867
194,2,52.0,51.0,8.846,11.56,7.56,2019,11,48,25,0,176.33684640522856,10.97,7.48,138.4962121212119,110.59339826839778,110.59339826839778,177.80805369127543,85.4,6.331,0.0,2019.0_48.0_25.0_0.0,10.969999,10.809798
266,2,71.5,69.625,8.703,11.4,7.57,2019,11,48,28,1,176.33684640522856,11.03,7.54,138.4962121212119,110.59339826839778,110.59339826839778,177.80805369127543,87.62,6.486,0.0,2019.0_48.0_28.0_1.0,11.03,10.734259
416,2,85.0,85.0,5.367,11.72,7.87,2019,12,49,4,11,176.33684640522856,9.53,7.4,138.4962121212119,110.59339826839778,110.59339826839778,177.80805369127543,90.0,6.862,0.0,2019.0_49.0_4.0_11.0,9.53,10.7527
231,2,63.5,67.5,8.057,11.7,7.59,2019,11,48,26,6,176.33684640522856,11.27,7.54,138.4962121212119,110.59339826839778,110.59339826839778,177.80805369127543,51.52,5024.0,0.0,2019.0_48.0_26.0_6.0,11.27,10.775302
511,2,63.0,69.03703703703704,3.716,11.39,7.81,2019,12,50,11,8,176.33684640522856,10.91,7.77,138.4962121212119,110.59339826839778,110.59339826839778,177.80805369127543,60.69,4164.0,0.0,2019.0_50.0_11.0_8.0,10.91,10.721255
191,2,57.0,61.0,8.431,11.56,7.54,2019,11,47,24,10,176.33684640522856,9.98,7.4,138.4962121212119,110.59339826839778,110.59339826839778,177.80805369127543,50.45,4932.0,0.0,2019.0_47.0_24.0_10.0,9.98,10.716095
234,2,41.5,41.5,7.992,11.35,7.57,2019,11,48,26,8,176.33684640522856,10.67,7.5,138.4962121212119,110.59339826839778,110.59339826839778,177.80805369127543,86.51,6.41,0.0,2019.0_48.0_26.0_8.0,10.67,10.479353
593,2,83.0,84.25568181818187,5.247,9.9,7.79,2019,12,51,16,9,176.33684640522856,9.94,7.68,138.4962121212119,110.59339826839778,110.59339826839778,177.80805369127543,63.59,4352.0,35.0,2019.0_51.0_16.0_9.0,9.94,10.296756
435,2,83.0,83.0,4.622,10.11,7.7,2019,12,49,5,8,176.33684640522856,12.66,7.61,138.4962121212119,110.59339826839778,110.59339826839778,177.80805369127543,55.69,5393.0,0.0,2019.0_49.0_5.0_8.0,12.66,10.719225
610,2,76.0,80.56369426751588,6.211,10.41,7.78,2019,12,51,17,9,176.33684640522856,9.66,7.68,138.4962121212119,110.59339826839778,110.59339826839778,177.80805369127543,97.64,7.418,50.0,2019.0_51.0_17.0_9.0,9.66,10.76142
291,2,59.0,64.64285714285714,8.525,11.9,7.62,2019,11,48,29,2,176.33684640522856,11.03,7.55,138.4962121212119,110.59339826839778,110.59339826839778,177.80805369127543,52.64,5114.0,0.0,2019.0_48.0_29.0_2.0,11.03,10.752774
591,2,84.0,88.86764705882351,5.226,9.89,7.8,2019,12,51,16,8,176.33684640522856,10.03,7.72,138.4962121212119,110.59339826839778,110.59339826839778,177.80805369127543,63.59,4352.0,0.0,2019.0_51.0_16.0_8.0,10.03,10.956457
566,2,102.5,102.5,3.931,11.06,7.79,2019,12,50,15,4,176.33684640522856,10.71,7.77,138.4962121212119,110.59339826839778,110.59339826839778,177.80805369127543,96.22,7.314,0.0,2019.0_50.0_15.0_4.0,10.71,10.897901
30,2,65.0,86.25,7.56,10.56,7.55,2019,11,46,16,10,176.33684640522856,9.51,7.39,138.4962121212119,110.59339826839778,110.59339826839778,177.80805369127543,78.99,5.895,0.0,2019.0_46.0_16.0_10.0,9.51,10.542047
81,2,68.0,88.24,7.541,10.79,7.47,2019,11,47,19,11,176.33684640522856,9.39,7.35,138.4962121212119,110.59339826839778,110.59339826839778,177.80805369127543,47.5,4675.0,0.0,2019.0_47.0_19.0_11.0,9.39,10.539021
18,2,41.5,41.5,6.769,11.56,7.54,2019,11,46,16,0,176.33684640522856,11.03,7.47,138.4962121212119,110.59339826839778,110.59339826839778,177.80805369127543,78.99,5.895,0.0,2019.0_46.0_16.0_0.0,11.03,10.824324
361,2,55.0,56.84615384615385,7.461,12.24,7.56,2019,12,49,2,7,176.33684640522856,11.51,7.54,138.4962121212119,110.59339826839778,110.59339826839778,177.80805369127543,54.34,5269.0,0.0,2019.0_49.0_2.0_7.0,11.51,10.918904
363,2,67.0,68.21052631578948,7.447,11.86,7.57,2019,12,49,2,8,176.33684640522856,10.93,7.5,138.4962121212119,110.59339826839778,110.59339826839778,177.80805369127543,54.34,5269.0,0.0,2019.0_49.0_2.0_8.0,10.93,10.48979
36,2,68.0,68.0,8.192,10.93,7.58,2019,11,46,17,2,176.33684640522856,10.27,7.47,138.4962121212119,110.59339826839778,110.59339826839778,177.80805369127543,78.99,5.893,0.0,2019.0_46.0_17.0_2.0,10.27,10.739868
540,2,76.0,76.0,4.038,10.7,7.77,2019,12,50,13,6,176.33684640522856,10.65,7.78,138.4962121212119,110.59339826839778,110.59339826839778,177.80805369127543,95.51,7.263,0.0,2019.0_50.0_13.0_6.0,10.65,11.2505045
358,2,64.0,66.88888888888889,7.483,12.23,7.58,2019,12,49,2,6,176.33684640522856,11.49,7.54,138.4962121212119,110.59339826839778,110.59339826839778,177.80805369127543,92.07,6.805,0.0,2019.0_49.0_2.0_6.0,11.49,11.205649
286,2,62.0,61.49999999999999,8.666,11.73,7.61,2019,11,48,29,0,176.33684640522856,10.87,7.54,138.4962121212119,110.59339826839778,110.59339826839778,177.80805369127543,88.73,6.565,0.0,2019.0_48.0_29.0_0.0,10.87,10.835454
592,2,83.0,84.25568181818187,5.247,9.9,7.79,2019,12,51,16,9,176.33684640522856,9.94,7.68,138.4962121212119,110.59339826839778,110.59339826839778,177.80805369127543,96.93,7.365,50.0,2019.0_51.0_16.0_9.0,9.94,10.630889
393,2,65.5,71.16666666666667,7.328,11.73,7.55,2019,12,49,3,11,176.33684640522856,10.36,7.47,138.4962121212119,110.59339826839778,110.59339826839778,177.80805369127543,54.85,5316.0,0.0,2019.0_49.0_3.0_11.0,10.36,10.965797
512,2,63.5,65.17857142857142,3.637,11.69,7.85,2019,12,50,11,9,176.33684640522856,11.13,7.81,138.4962121212119,110.59339826839778,110.59339826839778,177.80805369127543,94.09,7.158,50.0,2019.0_50.0_11.0_9.0,11.13,10.915409
32,2,54.0,93.33333333333331,7.836,10.22,7.49,2019,11,46,16,11,176.33684640522856,9.06,7.36,138.4962121212119,110.59339826839778,110.59339826839778,177.80805369127543,78.99,5.895,0.0,2019.0_46.0_16.0_11.0,9.06,10.557185
603,2,100.0,98.33333333333331,6.168,10.33,7.71,2019,12,51,17,2,176.33684640522856,9.79,7.71,138.4962121212119,110.59339826839778,110.59339826839778,177.80805369127543,64.16,4390.0,0.0,2019.0_51.0_17.0_2.0,9.79,10.641051
241,2,67.0,75.99999999999999,8.211,11.44,7.56,2019,11,48,26,11,176.33684640522856,10.43,7.49,138.4962121212119,110.59339826839778,110.59339826839778,177.80805369127543,51.52,5024.0,0.0,2019.0_48.0_26.0_11.0,10.43,10.991971
459,2,59.5,59.5,4.997,10.46,7.85,2019,12,49,7,0,176.33684640522856,10.79,7.81,138.4962121212119,110.59339826839778,110.59339826839778,177.80805369127543,58.55,4027.0,0.0,2019.0_49.0_7.0_0.0,10.790001,10.750601
306,2,67.0,66.37037037037037,7.908,12.25,7.62,2019,11,48,29,10,176.33684640522856,10.87,7.43,138.4962121212119,110.59339826839778,110.59339826839778,177.80805369127543,88.73,6.565,0.0,2019.0_48.0_29.0_10.0,10.87,11.078035
345,2,66.0,71.875,7.238,11.77,7.61,2019,12,48,1,11,176.33684640522856,10.14,7.46,138.4962121212119,110.59339826839778,110.59339826839778,177.80805369127543,53.77,5216.0,0.0,2019.0_48.0_1.0_11.0,10.14,10.838054
53,2,63.0,63.0,7.718,11.31,7.56,2019,11,47,18,4,176.33684640522856,10.54,7.46,138.4962121212119,110.59339826839778,110.59339826839778,177.80805369127543,46.99,4631.0,0.0,2019.0_47.0_18.0_4.0,10.54,10.83849
93,2,66.0,66.0,8.268,11.21,7.54,2019,11,47,20,7,176.33684640522856,10.32,7.48,138.4962121212119,110.59339826839778,110.59339826839778,177.80805369127543,48.15,4731.0,0.0,2019.0_47.0_20.0_7.0,10.32,10.593112
2574,3,257.0,264.15151515151524,14.554,13.9,8.05,2020,7,30,23,8,173.8,12.35,7.69,141.2,122.7,122.7,174.3,310.29,11390.0,0.0,2020.0_30.0_23.0_8.0,12.35,11.2349205
3763,3,259.0,256.8113207547169,14.536,12.28,8.2,2020,8,35,25,2,177.7,11.02,7.86,143.6,109.2,109.2,177.8,318.27,9641.0,0.0,2020.0_35.0_25.0_2.0,11.02,12.138907
3348,3,400.0,400.0,16.282,11.06,7.96,2020,8,31,1,5,169.5,9.98,7.61,146.0,103.3,103.3,172.3,310.29,10843.0,0.0,2020.0_31.0_1.0_5.0,9.98,9.661539
2290,3,202.0,219.19047619047615,16.66,13.48,7.8,2020,7,30,21,1,181.2,11.56,7.61,154.1,120.1,120.1,181.2,310.29,11432.0,0.0,2020.0_30.0_21.0_1.0,11.56,11.845498
4057,3,304.0,292.43999999999994,15.513,11.53,8.21,2020,8,35,28,4,180.5,9.51,7.76,148.9,95.9,95.9,180.9,327.23,9689.0,0.0,2020.0_35.0_28.0_4.0,9.51,10.980027
1095,3,277.0,301.875,16.169,13.7,7.79,2020,7,28,9,0,176.5,11.13,7.57,150.8,115.1,115.1,178.2,310.29,11990.0,0.0,2020.0_28.0_9.0_0.0,11.13,11.286028
4355,3,290.0,291.35211267605644,12.166,12.99,8.4,2020,9,36,2,11,196.8,11.12,7.91,150.1,103.8,103.8,198.4,329.97,9637.0,0.0,2020.0_36.0_2.0_11.0,11.12,11.430888
1480,3,312.0,308.19047619047615,15.256,13.68,7.83,2020,7,29,13,1,175.8,11.58,7.63,144.6,116.6,116.6,175.8,310.29,11758.0,0.0,2020.0_29.0_13.0_1.0,11.58,11.957052
2993,3,313.0,310.9602649006623,15.112,12.36,8.18,2020,7,31,28,10,175.7,11.59,7.86,143.3,116.2,116.2,175.2,310.29,10962.0,0.0,2020.0_31.0_28.0_10.0,11.589999,11.538141
2870,3,301.0,289.7083333333333,14.767,11.88,7.93,2020,7,31,27,7,175.6,10.5,7.64,143.6,104.6,104.6,176.6,310.29,11017.0,0.0,2020.0_31.0_27.0_7.0,10.5,11.042863
3332,3,266.0,311.8,16.729,11.27,7.98,2020,8,31,1,4,170.2,9.72,7.6,147.9,101.6,101.6,172.7,310.29,10843.0,0.0,2020.0_31.0_1.0_4.0,9.72,10.111385
1371,3,343.0,352.32584269662914,14.219,13.76,7.8,2020,7,28,12,1,169.0,11.45,7.6,135.5,113.5,113.5,167.8,310.29,11798.0,0.0,2020.0_28.0_12.0_1.0,11.45,10.7500925
3477,3,244.5,246.15789473684208,17.129,11.52,8.11,2020,8,34,21,0,178.5,10.08,7.75,156.9,106.4,106.4,181.3,318.27,9975.0,0.0,2020.0_34.0_21.0_0.0,10.080001,9.0079
1548,3,340.0,342.0857142857143,14.129,14.15,7.97,2020,7,29,13,8,173.9,12.5,7.68,140.1,122.8,122.8,175.0,310.29,11758.0,0.0,2020.0_29.0_13.0_8.0,12.5,11.152227
4552,3,352.0,352.3429844097993,12.982,12.27,8.36,2020,9,37,7,11,194.8,8.51,7.71,154.2,81.1,81.1,199.3,340.0,9733.0,0.0,2020.0_37.0_7.0_11.0,8.51,10.574758
4466,3,291.0,294.7708333333333,13.754,11.52,8.29,2020,9,37,7,2,198.0,8.59,7.81,158.6,83.7,83.7,200.0,340.0,9733.0,0.0,2020.0_37.0_7.0_2.0,8.59,10.634419
1077,3,313.0,344.98850574712634,14.478,14.37,8.06,2020,7,28,8,9,173.4,12.19,7.67,140.5,120.4,120.4,174.6,310.29,12052.0,0.0,2020.0_28.0_8.0_9.0,12.19,11.711055
3495,3,250.0,262.4594594594595,16.79,11.57,8.16,2020,8,34,21,2,177.6,10.32,7.69,153.9,107.5,107.5,180.3,318.27,9975.0,0.0,2020.0_34.0_21.0_2.0,10.32,11.609087
2572,3,257.0,264.15151515151524,14.544,13.74,7.98,2020,7,30,23,8,173.8,12.35,7.69,141.2,122.7,122.7,174.3,310.29,11390.0,0.0,2020.0_30.0_23.0_8.0,12.35,11.583248
3698,3,253.0,249.5217391304348,14.925,12.22,8.17,2020,8,35,24,3,169.6,10.98,7.84,137.4,109.3,109.3,169.3,318.27,9734.0,0.0,2020.0_35.0_24.0_3.0,10.98,11.77618
1432,3,290.5,290.26315789473693,12.835,14.3,7.92,2020,7,28,12,8,173.3,12.43,7.68,133.3,118.9,118.9,171.6,310.29,11798.0,0.0,2020.0_28.0_12.0_8.0,12.429999,12.549632
4422,3,298.0,298.5257731958762,11.492,13.3,8.41,2020,9,36,3,9,197.6,10.36,7.78,149.3,95.1,95.1,201.2,332.88,9575.0,87.5,2020.0_36.0_3.0_9.0,10.36,10.298782
939,3,381.0,367.6,13.291324189953633,12.693286178107664,7.979475398594275,2020,7,28,7,6,176.33684640522856,10.98,7.55,144.1,111.1,111.1,174.4,310.29,12096.0,0.0,2020.0_28.0_7.0_6.0,10.98,12.422555
3790,3,297.0,293.67391304347825,13.663,12.52,8.21,2020,8,35,25,6,177.3,11.41,7.89,140.9,111.0,111.0,177.9,318.27,9641.0,0.0,2020.0_35.0_25.0_6.0,11.41,11.344565
3859,3,288.0,279.41463414634154,14.89,12.16,8.26,2020,8,35,26,2,177.7,10.55,7.75,145.7,104.9,104.9,179.7,321.37,9633.0,0.0,2020.0_35.0_26.0_2.0,10.55,11.838515
1961,3,258.0,247.42857142857144,15.715,13.8,7.86,2020,7,29,18,0,179.2,11.69,7.63,149.4,119.2,119.2,179.2,310.29,11560.0,0.0,2020.0_29.0_18.0_0.0,11.69,12.985878
4180,3,167.0,173.33333333333334,11.23,13.37,8.37,2020,9,36,1,4,184.3,12.53,8.01,135.1,114.7,114.7,182.5,329.97,9671.0,0.0,2020.0_36.0_1.0_4.0,12.53,12.012748
2539,3,238.0,263.0,15.16,13.34,7.89,2020,7,30,23,5,174.0,11.66,7.63,143.1,117.3,117.3,174.1,310.29,11390.0,0.0,2020.0_30.0_23.0_5.0,11.66,11.96684
3445,3,302.0,312.8571428571429,16.98,10.82,8.02,2020,8,31,2,4,163.7,9.62,7.61,142.4,100.6,100.6,166.3,310.29,10803.0,0.0,2020.0_31.0_2.0_4.0,9.62,9.706864
3704,3,272.0,278.4615384615383,14.592,12.34,8.18,2020,8,35,24,5,170.4,11.11,7.85,137.5,110.1,110.1,170.0,318.27,9734.0,0.0,2020.0_35.0_24.0_5.0,11.11,11.32246
4055,3,304.0,292.43999999999994,15.473,11.56,8.22,2020,8,35,28,4,179.6,9.49,7.72,149.1,95.7,95.7,181.0,327.23,9689.0,0.0,2020.0_35.0_28.0_4.0,9.49,11.951816
675,3,357.0,341.0,13.291324189953633,12.693286178107664,7.979475398594275,2020,7,27,4,3,176.33684640522856,11.74,7.57,138.9,115.3,115.3,173.5,310.29,12242.0,0.0,2020.0_27.0_4.0_3.0,11.74,10.832786
3997,3,299.0,314.05434782608705,14.431,12.33,8.34,2020,8,35,27,9,174.2,10.3,7.77,143.9,101.8,101.8,178.8,324.49,9670.0,87.0,2020.0_35.0_27.0_9.0,10.300001,12.336396
3662,3,238.0,257.8181818181818,16.43,12.4,8.35,2020,8,34,22,10,172.5,11.54,7.84,149.4,118.9,118.9,177.1,318.27,9838.0,0.0,2020.0_34.0_22.0_10.0,11.54,10.397523
2751,3,195.0,194.0,12.754,13.59,7.92,2020,7,30,25,4,164.4,12.2,7.66,124.2,116.3,116.3,160.4,310.29,11088.0,0.0,2020.0_30.0_25.0_4.0,12.2,11.869749
4216,3,334.5,314.4642857142857,10.856,13.61,8.38,2020,9,36,1,8,187.4,12.11,7.95,137.5,109.8,109.8,187.8,329.97,9671.0,0.0,2020.0_36.0_1.0_8.0,12.11,11.460146
4465,3,291.0,294.7708333333333,13.8,11.42,8.28,2020,9,37,7,2,197.3,8.59,7.81,158.6,83.7,83.7,200.0,340.0,9733.0,0.0,2020.0_37.0_7.0_2.0,8.59,10.413271
2980,3,302.0,309.95081967213116,14.725,12.19,8.05,2020,7,31,28,9,178.1,11.13,7.71,142.4,110.9,110.9,175.2,310.29,10962.0,0.0,2020.0_31.0_28.0_9.0,11.13,9.590821
1551,3,292.5,313.7857142857143,14.178,14.24,8.06,2020,7,29,13,9,174.1,12.64,7.71,139.9,124.1,124.1,174.9,310.29,11758.0,0.0,2020.0_29.0_13.0_9.0,12.64,10.643652
1656,3,346.0,379.5454545454545,14.095,14.13,7.94,2020,7,29,14,8,173.8,12.51,7.68,136.9,123.0,123.0,170.9,310.29,11731.0,0.0,2020.0_29.0_14.0_8.0,12.51,11.945799
4547,3,352.0,352.3429844097993,13.001,11.97,8.34,2020,9,37,7,11,195.9,7.98,7.63,153.9,76.0,76.0,198.9,340.0,9733.0,0.0,2020.0_37.0_7.0_11.0,7.98,9.983689
1364,3,345.0,344.04807692307696,14.597,13.66,7.79,2020,7,28,12,0,167.1,11.42,7.61,135.4,113.6,113.6,166.8,310.29,11798.0,0.0,2020.0_28.0_12.0_0.0,11.42,10.871548
2559,3,253.5,260.08333333333337,14.558,13.65,7.94,2020,7,30,23,7,173.8,11.74,7.62,142.4,117.1,117.1,175.1,310.29,11390.0,0.0,2020.0_30.0_23.0_7.0,11.74,10.533643
1131,3,198.5,209.0,14.929,13.87,7.8,2020,7,28,9,4,175.9,11.76,7.56,146.0,118.0,118.0,178.1,310.29,11990.0,0.0,2020.0_28.0_9.0_4.0,11.76,12.489973
3236,3,219.0,253.36363636363637,16.661,11.46,7.99,2020,7,31,31,5,168.8,9.8,7.57,147.1,101.9,101.9,172.9,310.29,10862.0,0.0,2020.0_31.0_31.0_5.0,9.8,10.969166
2279,3,211.0,220.0980392156863,16.814,13.47,7.8,2020,7,30,21,0,181.5,11.46,7.63,155.0,119.9,119.9,180.9,310.29,11432.0,0.0,2020.0_30.0_21.0_0.0,11.459999,10.918589
2346,3,250.0,250.12612612612608,15.234,13.9,7.91,2020,7,30,21,7,180.8,11.95,7.61,148.9,120.7,120.7,180.6,310.29,11432.0,0.0,2020.0_30.0_21.0_7.0,11.949999,10.752666
4333,3,287.0,292.1080139372821,11.929,13.06,8.34,2020,9,36,2,9,196.3,11.24,7.91,148.3,104.7,104.7,196.6,329.97,9637.0,87.5,2020.0_36.0_2.0_9.0,11.239999,10.502827
1953,3,242.0,256.4347826086957,14.598,14.61,8.26,2020,7,29,17,11,175.4,13.81,7.98,141.9,136.2,136.2,176.5,310.29,11602.0,0.0,2020.0_29.0_17.0_11.0,13.81,11.573296
2510,3,241.0,252.38461538461547,15.98,13.17,7.87,2020,7,30,23,1,172.5,11.53,7.63,142.7,117.5,117.5,171.3,310.29,11390.0,0.0,2020.0_30.0_23.0_1.0,11.53,11.3344755
1636,3,358.0,383.3666666666666,14.546,13.72,7.84,2020,7,29,14,6,170.3,11.81,7.61,139.7,117.0,117.0,173.1,310.29,11731.0,0.0,2020.0_29.0_14.0_6.0,11.809999,12.583439
846,3,214.0,214.0,13.291324189953633,12.693286178107664,7.979475398594275,2020,7,28,6,1,176.33684640522856,10.71,7.53,151.6,111.7,111.7,177.4,310.29,12143.0,0.0,2020.0_28.0_6.0_1.0,10.71,11.732372
3165,3,305.0,302.19999999999993,16.452,11.56,8.04,2020,7,31,30,8,172.0,9.85,7.56,147.2,102.0,102.0,173.7,310.29,10865.0,0.0,2020.0_31.0_30.0_8.0,9.85,11.320805
2478,3,279.0,280.9382716049385,14.85,14.22,8.24,2020,7,30,22,10,175.0,13.3,7.85,142.4,131.3,131.3,177.0,310.29,11390.0,0.0,2020.0_30.0_22.0_10.0,13.3,11.492621
1754,3,257.0,263.3870967741936,12.714,14.82,7.99,2020,7,29,15,8,173.4,13.15,7.68,134.6,124.9,124.9,174.6,310.29,11696.0,0.0,2020.0_29.0_15.0_8.0,13.15,11.73848
2236,3,219.0,230.87912087912088,14.207,14.1,7.88,2020,7,30,20,7,177.8,12.43,7.62,143.6,122.7,122.7,178.5,310.29,11481.0,0.0,2020.0_30.0_20.0_7.0,12.429999,12.163925
1658,3,300.0,324.99999999999994,14.102,14.24,8.01,2020,7,29,14,9,173.1,12.72,7.71,137.1,125.0,125.0,171.2,310.29,11731.0,0.0,2020.0_29.0_14.0_9.0,12.72,11.551657
3439,3,302.0,312.8571428571429,16.98,10.82,8.02,2020,8,31,2,4,163.7,9.57,7.6,143.7,100.3,100.3,167.5,310.29,10803.0,0.0,2020.0_31.0_2.0_4.0,9.57,10.214209
3620,3,314.0,305.6363636363636,16.827,11.75,8.12,2020,8,34,22,4,178.9,10.39,7.63,153.9,108.3,108.3,180.3,318.27,9838.0,0.0,2020.0_34.0_22.0_4.0,10.390001,12.205953
1615,3,372.0,359.9230769230769,14.988,13.75,7.85,2020,7,29,14,4,173.7,11.82,7.62,145.2,118.2,118.2,178.0,310.29,11731.0,0.0,2020.0_29.0_14.0_4.0,11.82,11.411428
2475,3,252.5,264.38000000000005,14.342,14.15,8.15,2020,7,30,22,9,175.7,13.27,7.82,142.2,130.6,130.6,177.2,310.29,11390.0,0.0,2020.0_30.0_22.0_9.0,13.270001,11.356709
2635,3,175.0,209.13333333333333,16.366,12.78,7.84,2020,7,30,24,3,167.4,10.69,7.44,128.5,110.3,110.3,152.1,310.29,11314.0,0.0,2020.0_30.0_24.0_3.0,10.69,10.382246
1664,3,300.0,324.99999999999994,14.102,14.24,8.01,2020,7,29,14,9,173.1,12.93,7.76,137.6,126.9,126.9,172.2,310.29,11731.0,0.0,2020.0_29.0_14.0_9.0,12.93,11.925705
3905,3,305.0,307.8898305084746,13.91,12.36,8.3,2020,8,35,26,8,177.4,10.75,7.78,141.9,104.9,104.9,178.7,321.37,9633.0,0.0,2020.0_35.0_26.0_8.0,10.749999,10.403312
4259,3,282.0,285.7959183673469,12.71,12.68,8.32,2020,9,36,2,1,198.7,11.42,7.99,155.4,108.7,108.7,201.2,329.97,9637.0,0.0,2020.0_36.0_2.0_1.0,11.42,11.178906
3843,3,269.0,265.8133333333333,15.079,12.0,8.25,2020,8,35,26,0,177.9,10.4,7.8,147.1,104.5,104.5,179.5,321.37,9633.0,0.0,2020.0_35.0_26.0_0.0,10.399999,9.877482
1663,3,300.0,324.99999999999994,14.099,14.21,8.0,2020,7,29,14,9,173.8,12.93,7.76,137.6,126.9,126.9,172.2,310.29,11731.0,0.0,2020.0_29.0_14.0_9.0,12.93,11.526755
1829,3,239.0,252.36842105263156,12.488,15.02,8.04,2020,7,29,16,8,174.7,13.37,7.69,134.4,126.2,126.2,175.5,310.29,11659.0,0.0,2020.0_29.0_16.0_8.0,13.37,12.584086
3654,3,269.0,277.1590909090909,16.084,12.16,8.23,2020,8,34,22,8,175.1,10.77,7.66,149.3,110.4,110.4,178.0,318.27,9838.0,0.0,2020.0_34.0_22.0_8.0,10.77,12.24331
4421,3,298.0,298.5257731958762,11.401,13.24,8.4,2020,9,36,3,9,197.7,10.36,7.78,149.3,95.1,95.1,201.2,332.88,9575.0,87.5,2020.0_36.0_3.0_9.0,10.36,10.685171
2840,3,261.5,254.72222222222217,15.505,11.67,7.9,2020,7,31,27,3,176.2,10.15,7.63,146.4,102.4,102.4,177.8,310.29,11017.0,0.0,2020.0_31.0_27.0_3.0,10.15,10.918687
1010,3,266.0,290.2,15.415,13.72,7.78,2020,7,28,8,2,175.0,11.19,7.56,145.8,113.5,113.5,176.0,310.29,12052.0,0.0,2020.0_28.0_8.0_2.0,11.19,11.492919
708,3,262.0,270.4210526315789,13.291324189953633,12.693286178107664,7.979475398594275,2020,7,27,4,7,176.33684640522856,11.82,7.57,136.3,114.4,114.4,173.1,310.29,12242.0,0.0,2020.0_27.0_4.0_7.0,11.82,11.592878
825,3,288.0,282.8313253012048,13.291324189953633,12.693286178107664,7.979475398594275,2020,7,27,5,10,176.33684640522856,12.51,7.76,142.0,124.6,124.6,174.8,310.29,12188.0,0.0,2020.0_27.0_5.0_10.0,12.51,11.194097
3603,3,328.0,283.4615384615384,17.167,11.65,8.12,2020,8,34,22,2,179.6,10.17,7.57,155.5,107.1,107.1,180.2,318.27,9838.0,0.0,2020.0_34.0_22.0_2.0,10.170001,10.3629265
2916,3,361.0,328.4666666666667,16.152,11.39,7.85,2020,7,31,28,1,177.2,9.91,7.65,149.0,101.7,101.7,177.6,310.29,10962.0,0.0,2020.0_31.0_28.0_1.0,9.909999,10.4645
2138,3,246.0,252.2,13.27,14.56,7.99,2020,7,29,19,8,178.5,12.94,7.67,140.4,125.2,125.2,178.4,310.29,11523.0,0.0,2020.0_29.0_19.0_8.0,12.94,12.732224
717,3,281.0,275.9375,13.291324189953633,12.693286178107664,7.979475398594275,2020,7,27,4,8,176.33684640522856,12.43,7.64,135.9,120.2,120.2,172.8,310.29,12242.0,0.0,2020.0_27.0_4.0_8.0,12.429999,11.313891
4337,3,287.0,292.1080139372821,11.943,12.98,8.37,2020,9,36,2,9,196.7,11.25,7.91,148.7,104.7,104.7,197.2,329.97,9637.0,87.5,2020.0_36.0_2.0_9.0,11.25,12.02788
4366,3,231.5,242.33333333333337,12.261,12.93,8.34,2020,9,36,3,2,199.1,11.3,7.93,153.3,106.2,106.2,201.3,332.88,9575.0,0.0,2020.0_36.0_3.0_2.0,11.3,11.295123
4189,3,332.0,330.2857142857142,11.125,13.47,8.38,2020,9,36,1,5,185.3,12.42,8.01,136.4,113.4,113.4,184.9,329.97,9671.0,0.0,2020.0_36.0_1.0_5.0,12.42,11.478068
2201,3,209.0,205.6428571428571,15.253,13.89,7.86,2020,7,30,20,3,179.0,12.01,7.59,147.8,120.9,120.9,179.9,310.29,11481.0,0.0,2020.0_30.0_20.0_3.0,12.01,11.96138
1156,3,226.5,221.25,14.255,13.94,7.83,2020,7,28,9,7,175.2,11.96,7.58,142.1,118.0,118.0,176.7,310.29,11990.0,0.0,2020.0_28.0_9.0_7.0,11.96,10.980513
767,3,182.0,182.0,13.291324189953633,12.693286178107664,7.979475398594275,2020,7,27,5,2,176.33684640522856,10.98,7.55,147.9,112.6,112.6,176.3,310.29,12188.0,0.0,2020.0_27.0_5.0_2.0,10.98,12.067211
1234,3,257.5,251.81249999999997,15.606,14.4,8.12,2020,7,28,10,10,176.9,13.12,7.8,145.5,133.2,133.2,175.3,310.29,11888.0,0.0,2020.0_28.0_10.0_10.0,13.12,12.64249
2917,3,265.0,277.5,16.072,11.44,7.85,2020,7,31,28,2,177.1,9.91,7.64,148.8,101.6,101.6,177.5,310.29,10962.0,0.0,2020.0_31.0_28.0_2.0,9.909999,10.957431
2472,3,252.5,264.38000000000005,14.342,14.15,8.15,2020,7,30,22,9,175.7,13.03,7.78,142.0,128.1,128.1,177.4,310.29,11390.0,0.0,2020.0_30.0_22.0_9.0,13.03,11.318605
2166,3,269.5,266.40566037735874,14.478,14.6,8.29,2020,7,29,19,11,177.6,14.53,8.1,141.1,142.6,142.6,176.5,310.29,11523.0,0.0,2020.0_29.0_19.0_11.0,14.53,12.697962
3573,3,284.0,291.2454545454545,16.387,12.19,8.4,2020,8,34,21,10,173.5,11.49,7.85,149.1,118.1,118.1,177.4,318.27,9975.0,0.0,2020.0_34.0_21.0_10.0,11.49,11.04434
3521,3,267.0,265.84313725490193,16.364,11.69,8.15,2020,8,34,21,5,175.5,10.47,7.68,151.4,107.8,107.8,179.7,318.27,9975.0,0.0,2020.0_34.0_21.0_5.0,10.47,11.164272
3473,3,28.0,28.0,15.677,11.79,8.17,2020,8,31,2,9,160.8,10.48,7.69,131.8,106.7,106.7,158.3,310.29,10803.0,0.0,2020.0_31.0_2.0_9.0,10.48,10.460126
3023,3,291.0,249.2,17.43,11.32,7.92,2020,7,31,29,1,172.1,9.52,7.67,153.0,100.3,100.3,177.2,310.29,10921.0,0.0,2020.0_31.0_29.0_1.0,9.52,8.652345
1110,3,222.0,247.27272727272728,15.506,13.77,7.8,2020,7,28,9,2,176.9,11.38,7.54,148.6,116.3,116.3,177.9,310.29,11990.0,0.0,2020.0_28.0_9.0_2.0,11.38,11.391618
3652,3,269.0,277.1590909090909,16.125,12.06,8.17,2020,8,34,22,8,174.7,10.77,7.66,149.3,110.4,110.4,178.0,318.27,9838.0,0.0,2020.0_34.0_22.0_8.0,10.77,10.572585
1897,3,298.0,298.0,14.382,14.11,7.87,2020,7,29,17,3,177.8,12.22,7.61,143.6,120.1,120.1,179.3,310.29,11602.0,0.0,2020.0_29.0_17.0_3.0,12.22,11.010696
3434,3,433.0,433.0,17.226,10.58,8.04,2020,8,31,2,3,163.8,9.61,7.61,145.2,100.7,100.7,169.0,310.29,10803.0,0.0,2020.0_31.0_2.0_3.0,9.61,11.400759
2756,3,158.5,179.75,12.629,13.65,7.93,2020,7,30,25,5,165.3,12.33,7.7,125.1,117.2,117.2,162.2,310.29,11088.0,0.0,2020.0_30.0_25.0_5.0,12.33,10.898745
1992,3,246.0,256.3,14.763,14.03,7.88,2020,7,29,18,4,178.2,12.05,7.62,146.7,120.5,120.5,179.7,310.29,11560.0,0.0,2020.0_29.0_18.0_4.0,12.05,12.285589
1574,3,341.5,351.31666666666666,14.566,14.1,8.2,2020,7,29,13,11,173.5,13.57,8.0,140.4,134.2,134.2,174.1,310.29,11758.0,0.0,2020.0_29.0_13.0_11.0,13.57,12.283302
4489,3,327.0,307.50000000000006,13.469,11.45,8.29,2020,9,37,7,4,197.5,9.24,7.85,156.5,89.1,89.1,199.5,340.0,9733.0,0.0,2020.0_37.0_7.0_4.0,9.24,11.11513
2453,3,213.5,218.5480769230769,14.179,13.7,7.9,2020,7,30,22,7,177.2,12.04,7.62,142.7,118.5,118.5,177.9,310.29,11390.0,0.0,2020.0_30.0_22.0_7.0,12.04,12.142783
4291,3,282.0,280.71875000000006,12.255,12.74,8.34,2020,9,36,2,4,199.4,11.57,7.98,153.1,108.5,108.5,201.2,329.97,9637.0,0.0,2020.0_36.0_2.0_4.0,11.57,11.871386
1076,3,313.0,344.98850574712634,14.393,14.25,8.03,2020,7,28,8,9,173.6,12.19,7.67,140.5,120.4,120.4,174.6,310.29,12052.0,0.0,2020.0_28.0_8.0_9.0,12.19,12.48165
2620,3,232.0,235.8947368421053,16.655,12.72,7.83,2020,7,30,24,2,159.8,10.78,7.46,149.2,111.9,111.9,175.7,310.29,11314.0,0.0,2020.0_30.0_24.0_2.0,10.78,12.10551
3509,3,260.0,266.7560975609756,16.7,11.61,8.14,2020,8,34,21,3,172.4,10.41,7.69,152.3,107.7,107.7,179.8,318.27,9975.0,0.0,2020.0_34.0_21.0_3.0,10.41,10.813459
3642,3,243.0,265.25,16.16,12.0,8.14,2020,8,34,22,7,176.2,10.32,7.62,150.5,106.2,106.2,178.9,318.27,9838.0,0.0,2020.0_34.0_22.0_7.0,10.32,11.766917
769,3,182.0,182.0,13.291324189953633,12.693286178107664,7.979475398594275,2020,7,27,5,2,176.33684640522856,11.04,7.55,147.5,112.9,112.9,176.3,310.29,12188.0,0.0,2020.0_27.0_5.0_2.0,11.04,11.538678
4452,3,314.5,310.7155172413793,13.982,11.25,8.25,2020,9,37,7,0,198.6,8.06,7.79,160.3,79.2,79.2,200.2,340.0,9733.0,0.0,2020.0_37.0_7.0_0.0,8.06,10.674271
3634,3,262.0,253.2631578947368,16.493,11.79,8.12,2020,8,34,22,6,177.8,10.46,7.63,151.1,107.8,107.8,179.2,318.27,9838.0,0.0,2020.0_34.0_22.0_6.0,10.46,10.781626
4468,3,291.0,294.7708333333333,13.8,11.42,8.28,2020,9,37,7,2,197.3,8.79,7.82,158.0,85.5,85.5,199.5,340.0,9733.0,0.0,2020.0_37.0_7.0_2.0,8.79,10.995906
1422,3,332.0,337.13793103448273,13.005,14.12,7.84,2020,7,28,12,6,171.1,12.17,7.63,133.5,116.7,116.7,171.2,310.29,11798.0,0.0,2020.0_28.0_12.0_6.0,12.17,12.68386
4544,3,342.0,344.87458745874557,12.972,13.39,8.33,2020,9,37,7,10,196.6,6.92,7.58,154.6,65.9,65.9,199.9,340.0,9733.0,0.0,2020.0_37.0_7.0_10.0,6.92,9.114782
3136,3,376.0,342.0,17.377,11.04,7.9,2020,7,31,30,4,171.1,9.52,7.5,151.0,100.2,100.2,175.0,310.29,10865.0,0.0,2020.0_31.0_30.0_4.0,9.52,11.775126
2960,3,308.5,288.25000000000006,14.989,11.72,7.86,2020,7,31,28,6,178.3,10.1,7.61,144.9,101.2,101.2,177.2,310.29,10962.0,0.0,2020.0_31.0_28.0_6.0,10.1,9.633283
1674,3,361.5,367.99999999999994,14.124,14.15,8.08,2020,7,29,14,10,173.1,13.11,7.83,137.8,128.4,128.4,172.7,310.29,11731.0,0.0,2020.0_29.0_14.0_10.0,13.11,11.692165
4344,3,293.0,298.61259079903186,12.107,12.87,8.35,2020,9,36,2,10,197.2,11.1,7.9,149.7,103.4,103.4,198.3,329.97,9637.0,0.0,2020.0_36.0_2.0_10.0,11.099999,11.651848
1801,3,216.0,247.6,12.82,14.61,7.87,2020,7,29,16,5,174.9,12.83,7.62,136.1,122.2,122.2,175.9,310.29,11659.0,0.0,2020.0_29.0_16.0_5.0,12.830001,10.496575
2696,3,208.0,221.07042253521124,14.736,13.0,7.87,2020,7,30,24,10,160.2,11.44,7.65,137.2,113.8,113.8,169.1,310.29,11314.0,0.0,2020.0_30.0_24.0_10.0,11.44,11.73694
3296,3,281.0,284.875,18.009,10.78,7.98,2020,8,31,1,0,169.9,9.55,7.67,155.6,102.6,102.6,176.4,310.29,10843.0,0.0,2020.0_31.0_1.0_0.0,9.55,10.193033
4063,3,299.0,301.8048780487805,15.394,11.63,8.23,2020,8,35,28,5,180.6,9.51,7.73,148.7,95.7,95.7,181.0,327.23,9689.0,0.0,2020.0_35.0_28.0_5.0,9.51,9.940184
2169,3,269.5,266.40566037735874,14.478,14.6,8.29,2020,7,29,19,11,177.6,13.84,7.98,142.2,136.4,136.4,177.0,310.29,11523.0,0.0,2020.0_29.0_19.0_11.0,13.84,12.572983
3853,3,288.0,279.41463414634154,14.89,12.16,8.26,2020,8,35,26,2,177.7,10.49,7.76,146.3,104.6,104.6,179.8,321.37,9633.0,0.0,2020.0_35.0_26.0_2.0,10.49,11.351216
1325,3,137.5,144.92592592592587,15.945,13.98,7.94,2020,7,28,11,8,174.8,11.65,7.62,148.4,119.1,119.1,177.5,310.29,11845.0,0.0,2020.0_28.0_11.0_8.0,11.65,11.826157
4632,3,362.0,356.652,12.054,11.98,8.3,2020,9,37,8,8,196.2,9.0,7.78,151.2,84.0,84.0,200.1,342.96,9804.0,0.0,2020.0_37.0_8.0_8.0,9.0,10.891587
2074,3,249.0,268.27272727272725,15.353,13.8,7.81,2020,7,29,19,1,179.5,11.94,7.6,148.6,120.9,120.9,179.5,310.29,11523.0,0.0,2020.0_29.0_19.0_1.0,11.94,11.99443
853,3,95.0,95.0,13.291324189953633,12.693286178107664,7.979475398594275,2020,7,28,6,2,176.33684640522856,10.95,7.53,150.5,113.3,113.3,177.7,310.29,12143.0,0.0,2020.0_28.0_6.0_2.0,10.95,11.940606
4322,3,274.0,277.98765432098753,11.905,13.04,8.37,2020,9,36,2,8,194.8,11.48,7.94,149.8,106.9,106.9,198.7,329.97,9637.0,0.0,2020.0_36.0_2.0_8.0,11.48,10.977386
3457,3,206.0,206.0,16.299,11.02,8.0,2020,8,31,2,6,158.6,9.92,7.65,140.2,102.9,102.9,165.3,310.29,10803.0,0.0,2020.0_31.0_2.0_6.0,9.92,10.336251
4558,3,404.0,385.21153846153845,12.947,11.88,8.31,2020,9,37,8,0,194.7,9.42,7.86,154.6,89.7,89.7,199.9,342.96,9804.0,0.0,2020.0_37.0_8.0_0.0,9.42,9.95575
1073,3,313.0,344.98850574712634,14.393,14.25,8.03,2020,7,28,8,9,173.6,12.26,7.67,140.6,121.1,121.1,174.7,310.29,12052.0,0.0,2020.0_28.0_8.0_9.0,12.26,12.050843
2371,3,282.0,291.51546391752584,15.614,14.25,8.21,2020,7,30,21,10,179.8,13.63,7.91,148.3,138.3,138.3,178.8,310.29,11432.0,0.0,2020.0_30.0_21.0_10.0,13.629999,11.8795395
2383,3,277.0,292.1180555555556,16.146,14.06,8.32,2020,7,30,21,11,177.8,13.92,8.12,150.4,143.3,143.3,178.5,310.29,11432.0,0.0,2020.0_30.0_21.0_11.0,13.92,12.572237
3607,3,328.0,283.4615384615384,17.317,11.61,8.12,2020,8,34,22,2,179.7,10.18,7.57,154.8,106.9,106.9,180.0,318.27,9838.0,0.0,2020.0_34.0_22.0_2.0,10.18,11.425522
4444,3,329.5,329.6190476190477,12.083,12.86,8.36,2020,9,36,3,11,197.6,11.34,7.91,152.0,106.3,106.3,200.1,332.88,9575.0,0.0,2020.0_36.0_3.0_11.0,11.34,11.897975
2219,3,232.0,228.4615384615384,14.707,13.91,7.85,2020,7,30,20,5,177.8,12.21,7.61,146.3,121.8,121.8,179.7,310.29,11481.0,0.0,2020.0_30.0_20.0_5.0,12.210001,10.59203
1809,3,216.0,247.6,12.696,14.62,7.86,2020,7,29,16,5,174.9,12.85,7.62,135.6,122.1,122.1,175.7,310.29,11659.0,0.0,2020.0_29.0_16.0_5.0,12.85,11.7973795
4351,3,290.0,291.35211267605644,12.143,13.04,8.4,2020,9,36,2,11,197.0,11.33,7.94,150.1,105.8,105.8,198.5,329.97,9637.0,0.0,2020.0_36.0_2.0_11.0,11.33,10.676569
2595,3,322.5,321.3809523809523,15.77,14.1,8.32,2020,7,30,23,11,173.6,13.53,8.0,142.9,136.1,136.1,174.0,310.29,11390.0,0.0,2020.0_30.0_23.0_11.0,13.53,11.791872
1373,3,343.0,352.32584269662914,14.312,13.69,7.81,2020,7,28,12,1,169.2,11.42,7.6,135.1,112.9,112.9,167.6,310.29,11798.0,0.0,2020.0_28.0_12.0_1.0,11.42,11.04757
4532,3,340.0,343.67474048442915,12.986,12.29,8.22,2020,9,37,7,9,196.3,8.81,7.8,153.8,84.0,84.0,198.5,340.0,9733.0,87.5,2020.0_37.0_7.0_9.0,8.81,11.25889
1201,3,292.0,251.22222222222223,16.875,13.66,7.75,2020,7,28,10,0,176.5,11.23,7.6,151.9,117.3,117.3,177.7,310.29,11888.0,0.0,2020.0_28.0_10.0_0.0,11.23,11.607708
1334,3,148.0,145.55555555555563,15.947,14.01,8.03,2020,7,28,11,9,174.6,12.44,7.69,147.7,127.2,127.2,176.6,310.29,11845.0,0.0,2020.0_28.0_11.0_9.0,12.44,11.132707
3462,3,206.0,206.0,16.083,10.96,7.99,2020,8,31,2,6,158.8,9.83,7.64,139.7,101.7,101.7,165.0,310.29,10803.0,0.0,2020.0_31.0_2.0_6.0,9.83,10.274801
3441,3,302.0,312.8571428571429,16.741,10.8,8.0,2020,8,31,2,4,162.4,9.57,7.6,143.7,100.3,100.3,167.5,310.29,10803.0,0.0,2020.0_31.0_2.0_4.0,9.57,9.334264
1620,3,372.0,359.9230769230769,14.85,13.72,7.84,2020,7,29,14,4,171.8,11.85,7.62,144.8,118.3,118.3,177.8,310.29,11731.0,0.0,2020.0_29.0_14.0_4.0,11.850001,11.546163
3918,3,301.0,306.3103448275863,14.32,12.57,8.48,2020,8,35,26,10,176.9,10.07,7.69,142.0,98.5,98.5,178.3,321.37,9633.0,0.0,2020.0_35.0_26.0_10.0,10.07,10.677259
4430,3,305.0,314.62448979591846,11.726,11.98,8.19,2020,9,36,3,10,198.0,10.08,7.75,149.9,92.8,92.8,201.3,332.88,9575.0,0.0,2020.0_36.0_3.0_10.0,10.080001,10.859867
4638,3,354.0,357.03846153846195,12.276,12.19,8.28,2020,9,37,8,9,195.4,9.01,7.78,151.6,84.1,84.1,200.4,342.96,9804.0,110.0,2020.0_37.0_8.0_9.0,9.01,10.295955
953,3,364.0,368.4683544303796,13.291324189953633,12.693286178107664,7.979475398594275,2020,7,28,7,7,176.33684640522856,11.46,7.58,141.2,114.6,114.6,172.9,310.29,12096.0,0.0,2020.0_28.0_7.0_7.0,11.459999,11.439929
2815,3,277.0,282.27419354838696,13.866,12.35,8.17,2020,7,30,26,11,173.4,12.19,8.0,138.7,119.5,119.5,173.8,310.29,11058.0,0.0,2020.0_30.0_26.0_11.0,12.19,11.82132
3868,3,286.0,280.1904761904762,14.774,12.08,8.26,2020,8,35,26,3,176.9,10.67,7.79,144.9,105.8,105.8,179.3,321.37,9633.0,0.0,2020.0_35.0_26.0_3.0,10.67,11.512019
3280,3,342.0,370.90909090909093,16.286,11.96,8.26,2020,7,31,31,10,166.1,11.24,7.78,140.1,115.9,115.9,165.9,310.29,10862.0,0.0,2020.0_31.0_31.0_10.0,11.239999,10.490621
2717,3,212.5,231.15,13.568,13.3,7.88,2020,7,30,25,0,153.2,12.04,7.67,120.4,116.6,116.6,152.9,310.29,11088.0,0.0,2020.0_30.0_25.0_0.0,12.04,11.602478
2463,3,232.0,231.85964912280704,14.107,13.99,8.02,2020,7,30,22,8,176.4,12.39,7.67,142.1,121.7,121.7,177.7,310.29,11390.0,0.0,2020.0_30.0_22.0_8.0,12.39,11.661405
2130,3,239.0,243.96491228070175,13.302,14.4,7.92,2020,7,29,19,7,179.0,12.52,7.63,141.1,121.4,121.4,178.9,310.29,11523.0,0.0,2020.0_29.0_19.0_7.0,12.5199995,12.096281
2271,3,270.0,275.4039735099337,15.428,14.34,8.34,2020,7,30,20,11,177.3,14.1,8.03,144.2,140.4,140.4,177.5,310.29,11481.0,0.0,2020.0_30.0_20.0_11.0,14.1,11.429744
668,3,357.0,341.0,13.291324189953633,12.693286178107664,7.979475398594275,2020,7,27,4,3,176.33684640522856,11.69,7.57,139.2,115.1,115.1,173.3,310.29,12242.0,0.0,2020.0_27.0_4.0_3.0,11.69,10.530358
3321,3,263.0,257.0,17.298,10.88,7.97,2020,8,31,1,2,171.3,9.62,7.61,147.6,101.4,101.4,170.8,310.29,10843.0,0.0,2020.0_31.0_1.0_2.0,9.62,10.786812
3386,3,426.0,407.33333333333337,15.98,11.96,8.33,2020,8,31,1,10,172.5,11.15,7.77,144.5,113.9,113.9,173.1,310.29,10843.0,0.0,2020.0_31.0_1.0_10.0,11.149999,11.670825
4154,3,415.0,415.0,11.509,13.56,8.37,2020,9,36,1,1,178.2,12.38,8.0,131.2,114.4,114.4,175.5,329.97,9671.0,0.0,2020.0_36.0_1.0_1.0,12.38,11.563295
3583,3,299.0,284.3023255813952,17.815,11.44,8.1,2020,8,34,22,0,179.5,9.97,7.76,159.6,106.2,106.2,182.7,318.27,9838.0,0.0,2020.0_34.0_22.0_0.0,9.97,11.274066
2529,3,211.0,239.51020408163268,15.529,13.28,7.88,2020,7,30,23,3,173.2,11.54,7.62,144.1,116.9,116.9,174.2,310.29,11390.0,0.0,2020.0_30.0_23.0_3.0,11.54,12.060506
1600,3,346.0,337.27272727272725,15.37,13.68,7.86,2020,7,29,14,2,177.4,11.54,7.62,146.4,116.2,116.2,178.0,310.29,11731.0,0.0,2020.0_29.0_14.0_2.0,11.54,11.572377
1143,3,233.0,237.66666666666669,14.631,13.84,7.8,2020,7,28,9,5,175.6,11.68,7.54,144.2,116.3,116.3,177.6,310.29,11990.0,0.0,2020.0_28.0_9.0_5.0,11.679999,11.377657
2501,3,231.0,245.95698924731184,16.129,13.04,7.86,2020,7,30,23,0,170.7,11.36,7.61,140.1,116.4,116.4,167.1,310.29,11390.0,0.0,2020.0_30.0_23.0_0.0,11.36,11.497466
1747,3,257.0,263.3870967741936,12.726,14.83,7.97,2020,7,29,15,8,173.3,12.9,7.65,134.9,122.5,122.5,174.8,310.29,11696.0,0.0,2020.0_29.0_15.0_8.0,12.9,11.869029
1158,3,226.5,221.25,14.148,14.07,7.91,2020,7,28,9,7,174.9,11.96,7.58,142.1,118.0,118.0,176.7,310.29,11990.0,0.0,2020.0_28.0_9.0_7.0,11.96,12.0251665
4059,3,304.0,292.43999999999994,15.434,11.58,8.23,2020,8,35,28,4,180.5,9.51,7.76,148.9,95.9,95.9,180.9,327.23,9689.0,0.0,2020.0_35.0_28.0_4.0,9.51,11.07174
2349,3,250.0,250.12612612612608,15.234,13.9,7.91,2020,7,30,21,7,180.8,12.11,7.62,148.4,122.1,122.1,180.3,310.29,11432.0,0.0,2020.0_30.0_21.0_7.0,12.11,11.994149
4304,3,253.5,265.16666666666663,12.074,12.87,8.34,2020,9,36,2,6,194.4,11.56,7.97,152.0,108.0,108.0,200.7,329.97,9637.0,0.0,2020.0_36.0_2.0_6.0,11.56,12.076698
1487,3,362.0,360.9411764705883,15.076,13.76,7.84,2020,7,29,13,2,176.0,11.57,7.62,144.2,116.1,116.1,176.1,310.29,11758.0,0.0,2020.0_29.0_13.0_2.0,11.57,11.337379
2637,3,175.0,209.13333333333333,16.259,12.77,7.87,2020,7,30,24,3,169.2,10.69,7.44,128.5,110.3,110.3,152.1,310.29,11314.0,0.0,2020.0_30.0_24.0_3.0,10.69,11.295713
4007,3,317.0,319.69113149847095,14.716,12.41,8.45,2020,8,35,27,10,173.2,7.83,7.55,145.0,77.5,77.5,179.7,324.49,9670.0,0.0,2020.0_35.0_27.0_10.0,7.83,10.485701
781,3,264.0,264.0,13.291324189953633,12.693286178107664,7.979475398594275,2020,7,27,5,3,176.33684640522856,11.18,7.5,146.1,113.3,113.3,176.6,310.29,12188.0,0.0,2020.0_27.0_5.0_3.0,11.18,11.478112
4325,3,274.0,277.98765432098753,11.905,13.04,8.37,2020,9,36,2,8,194.8,11.02,7.89,148.7,102.6,102.6,197.3,329.97,9637.0,0.0,2020.0_36.0_2.0_8.0,11.02,11.020546
3557,3,289.0,294.288888888889,15.881,12.15,8.3,2020,8,34,21,9,169.8,10.81,7.6,148.1,110.3,110.3,177.4,318.27,9975.0,0.0,2020.0_34.0_21.0_9.0,10.81,9.469038
2781,3,210.5,214.96428571428572,12.273,13.8,7.96,2020,7,30,25,7,167.8,12.57,7.72,127.2,118.3,118.3,166.8,310.29,11088.0,0.0,2020.0_30.0_25.0_7.0,12.569999,11.662214
1673,3,361.5,367.99999999999994,14.105,14.14,8.07,2020,7,29,14,10,173.0,13.11,7.83,137.8,128.4,128.4,172.7,310.29,11731.0,0.0,2020.0_29.0_14.0_10.0,13.11,11.59899
4015,3,313.0,319.53853211009107,15.041,12.44,8.5,2020,8,35,27,11,170.9,10.78,7.86,144.2,107.4,107.4,177.4,324.49,9670.0,0.0,2020.0_35.0_27.0_11.0,10.78,11.696654
2394,3,180.0,184.2,15.63,13.27,7.87,2020,7,30,22,0,176.9,11.61,7.61,147.5,118.0,118.0,177.6,310.29,11390.0,0.0,2020.0_30.0_22.0_0.0,11.61,11.324427
1387,3,343.0,336.84905660377365,13.885,13.79,7.8,2020,7,28,12,3,168.9,11.69,7.62,134.9,114.4,114.4,169.4,310.29,11798.0,0.0,2020.0_28.0_12.0_3.0,11.69,11.620992
4074,3,310.5,316.59999999999997,15.19,11.65,8.22,2020,8,35,28,6,179.3,9.63,7.73,148.2,96.6,96.6,181.0,327.23,9689.0,0.0,2020.0_35.0_28.0_6.0,9.63,9.878202
2622,3,232.0,235.8947368421053,16.428,12.75,7.86,2020,7,30,24,2,166.9,10.78,7.46,149.2,111.9,111.9,175.7,310.29,11314.0,0.0,2020.0_30.0_24.0_2.0,10.78,11.474343
3336,3,266.0,311.8,16.622,11.13,7.95,2020,8,31,1,4,169.8,9.69,7.59,147.7,101.1,101.1,172.8,310.29,10843.0,0.0,2020.0_31.0_1.0_4.0,9.69,10.239942
2123,3,201.5,212.25,13.635,14.11,7.85,2020,7,29,19,6,180.2,12.34,7.61,142.0,120.1,120.1,179.1,310.29,11523.0,0.0,2020.0_29.0_19.0_6.0,12.340001,12.184218
4464,3,315.5,308.5888888888889,13.844,11.36,8.27,2020,9,37,7,1,197.4,8.26,7.79,159.0,80.6,80.6,200.0,340.0,9733.0,0.0,2020.0_37.0_7.0_1.0,8.26,10.064924
3254,3,387.0,387.0,16.172,11.58,8.03,2020,7,31,31,7,165.7,9.84,7.55,144.1,101.4,101.4,171.0,310.29,10862.0,0.0,2020.0_31.0_31.0_7.0,9.84,10.27107
4240,3,289.0,296.53846153846155,11.577,12.96,8.35,2020,9,36,1,11,187.5,11.7,7.91,140.0,107.8,107.8,187.9,329.97,9671.0,0.0,2020.0_36.0_1.0_11.0,11.7,10.837821
2147,3,236.0,244.10416666666663,13.378,14.72,8.1,2020,7,29,19,9,179.0,13.63,7.78,140.0,131.9,131.9,177.9,310.29,11523.0,0.0,2020.0_29.0_19.0_9.0,13.629999,13.333086
1448,3,285.5,290.1666666666666,13.053,14.64,8.09,2020,7,28,12,9,172.0,13.13,7.8,133.9,126.0,126.0,171.7,310.29,11798.0,0.0,2020.0_28.0_12.0_9.0,13.13,11.678186
961,3,294.0,343.2063492063493,13.291324189953633,12.693286178107664,7.979475398594275,2020,7,28,7,8,176.33684640522856,12.05,7.64,140.0,120.2,120.2,172.0,310.29,12096.0,0.0,2020.0_28.0_7.0_8.0,12.05,11.174629
2850,3,266.0,285.08695652173924,15.285,11.75,7.89,2020,7,31,27,4,176.3,10.16,7.63,146.1,102.2,102.2,177.9,310.29,11017.0,0.0,2020.0_31.0_27.0_4.0,10.16,10.952084
3908,3,292.0,291.474418604651,13.956,12.58,8.38,2020,8,35,26,9,177.3,10.96,7.79,141.7,106.9,106.9,178.4,321.37,9633.0,100.0,2020.0_35.0_26.0_9.0,10.96,11.29197
1662,3,300.0,324.99999999999994,14.101,14.18,8.04,2020,7,29,14,9,172.9,12.93,7.74,137.3,126.9,126.9,171.7,310.29,11731.0,0.0,2020.0_29.0_14.0_9.0,12.93,11.55718
1382,3,344.0,339.59420289855086,14.046,13.8,7.8,2020,7,28,12,2,168.2,11.46,7.6,134.8,112.6,112.6,168.4,310.29,11798.0,0.0,2020.0_28.0_12.0_2.0,11.459999,11.845066
808,3,238.0,227.09523809523813,13.291324189953633,12.693286178107664,7.979475398594275,2020,7,27,5,8,176.33684640522856,12.39,7.64,141.0,122.5,122.5,174.9,310.29,12188.0,0.0,2020.0_27.0_5.0_8.0,12.39,11.838552
895,3,353.0,364.72727272727275,13.291324189953633,12.693286178107664,7.979475398594275,2020,7,28,7,1,176.33684640522856,10.83,7.55,145.4,112.0,112.0,171.8,310.29,12096.0,0.0,2020.0_28.0_7.0_1.0,10.83,10.497972
3218,3,251.0,268.54545454545456,17.101,11.3,8.0,2020,7,31,31,3,171.0,9.67,7.57,148.8,101.2,101.2,173.6,310.29,10862.0,0.0,2020.0_31.0_31.0_3.0,9.67,10.69927
4625,3,237.5,265.9285714285714,12.07,12.08,8.32,2020,9,37,8,7,196.3,10.13,7.91,151.9,94.6,94.6,200.7,342.96,9804.0,0.0,2020.0_37.0_8.0_7.0,10.129999,9.858498
2012,3,216.0,226.72727272727272,14.394,13.98,7.85,2020,7,29,18,6,177.4,12.09,7.61,145.0,119.7,119.7,179.6,310.29,11560.0,0.0,2020.0_29.0_18.0_6.0,12.09,12.081715
3349,3,231.0,231.0,16.171,11.05,7.97,2020,8,31,1,6,169.8,9.97,7.6,146.0,103.0,103.0,172.7,310.29,10843.0,0.0,2020.0_31.0_1.0_6.0,9.97,11.96478
979,3,354.5,376.7745098039217,13.291324189953633,12.693286178107664,7.979475398594275,2020,7,28,7,10,176.33684640522856,12.79,7.79,140.8,128.4,128.4,171.8,310.29,12096.0,0.0,2020.0_28.0_7.0_10.0,12.789999,12.084961
737,3,291.0,298.2452830188679,13.291324189953633,12.693286178107664,7.979475398594275,2020,7,27,4,10,176.33684640522856,12.23,7.7,137.7,120.1,120.1,172.2,310.29,12242.0,0.0,2020.0_27.0_4.0_10.0,12.23,10.927483
1423,3,291.0,300.1587301587302,12.945,14.09,7.83,2020,7,28,12,7,171.3,12.16,7.65,133.4,116.5,116.5,171.3,310.29,11798.0,0.0,2020.0_28.0_12.0_7.0,12.16,11.318678
2091,3,297.0,266.0,14.503,14.0,7.83,2020,7,29,19,3,178.9,12.11,7.6,147.1,120.9,120.9,180.4,310.29,11523.0,0.0,2020.0_29.0_19.0_3.0,12.11,11.778096
4614,3,252.0,266.2857142857143,12.122,12.1,8.31,2020,9,37,8,6,196.5,9.89,7.87,151.1,92.7,92.7,198.9,342.96,9804.0,0.0,2020.0_37.0_8.0_6.0,9.89,9.868303
3124,3,306.5,291.7,17.777,10.92,7.89,2020,7,31,30,2,173.4,9.38,7.51,153.7,100.1,100.1,175.6,310.29,10865.0,0.0,2020.0_31.0_30.0_2.0,9.38,10.804566
2885,3,277.0,277.98214285714283,14.675,12.28,8.08,2020,7,31,27,9,175.8,11.23,7.73,142.8,111.9,111.9,175.7,310.29,11017.0,0.0,2020.0_31.0_27.0_9.0,11.23,11.92182
1883,3,175.0,175.0,14.458,14.13,7.87,2020,7,29,17,2,177.9,12.16,7.63,144.3,120.1,120.1,179.2,310.29,11602.0,0.0,2020.0_29.0_17.0_2.0,12.16,11.110527
2947,3,298.5,320.83333333333337,15.341,11.57,7.85,2020,7,31,28,5,176.3,10.26,7.64,146.4,103.5,103.5,177.7,310.29,10962.0,0.0,2020.0_31.0_28.0_5.0,10.259999,12.636597
3632,3,262.0,253.2631578947368,16.417,11.81,8.11,2020,8,34,22,6,177.8,10.51,7.64,151.7,108.4,108.4,179.6,318.27,9838.0,0.0,2020.0_34.0_22.0_6.0,10.51,11.10491
3135,3,376.0,342.0,17.248,11.13,7.89,2020,7,31,30,4,171.6,9.53,7.5,151.3,100.4,100.4,175.2,310.29,10865.0,0.0,2020.0_31.0_30.0_4.0,9.53,9.853615
3498,3,250.0,262.4594594594595,16.79,11.57,8.16,2020,8,34,21,2,177.6,10.31,7.69,153.6,107.3,107.3,180.3,318.27,9975.0,0.0,2020.0_34.0_21.0_2.0,10.31,12.193106
4279,3,289.5,275.34210526315786,12.416,12.88,8.33,2020,9,36,2,3,198.9,11.53,7.98,154.1,108.8,108.8,201.5,329.97,9637.0,0.0,2020.0_36.0_2.0_3.0,11.53,12.043974
686,3,298.0,298.14285714285717,13.291324189953633,12.693286178107664,7.979475398594275,2020,7,27,4,5,176.33684640522856,11.72,7.56,138.0,114.6,114.6,173.4,310.29,12242.0,0.0,2020.0_27.0_4.0_5.0,11.720001,11.8479805
2213,3,197.0,198.52631578947373,14.995,13.98,7.85,2020,7,30,20,4,178.1,12.15,7.6,147.0,121.6,121.6,180.0,310.29,11481.0,0.0,2020.0_30.0_20.0_4.0,12.15,11.669209
885,3,304.0,314.64705882352933,13.291324189953633,12.693286178107664,7.979475398594275,2020,7,28,7,0,176.33684640522856,10.11,7.5,148.2,105.3,105.3,173.8,310.29,12096.0,0.0,2020.0_28.0_7.0_0.0,10.11,11.587773
3402,3,376.5,400.8571428571428,16.703,11.98,8.43,2020,8,31,1,11,172.6,11.57,7.98,146.6,119.8,119.8,173.0,310.29,10843.0,0.0,2020.0_31.0_1.0_11.0,11.57,12.154281
2315,3,217.0,223.1764705882353,15.972,13.68,7.84,2020,7,30,21,4,180.5,11.7,7.6,152.7,119.8,119.8,182.4,310.29,11432.0,0.0,2020.0_30.0_21.0_4.0,11.7,11.724024
3658,3,238.0,257.8181818181818,16.24,12.3,8.33,2020,8,34,22,10,175.2,11.44,7.8,149.2,117.7,117.7,177.4,318.27,9838.0,0.0,2020.0_34.0_22.0_10.0,11.44,12.532262
3447,3,302.0,312.8571428571429,16.741,10.8,8.0,2020,8,31,2,4,162.4,9.62,7.61,142.4,100.6,100.6,166.3,310.29,10803.0,0.0,2020.0_31.0_2.0_4.0,9.62,10.707603
4190,3,332.0,330.2857142857142,11.093,13.61,8.38,2020,9,36,1,5,185.6,12.42,8.01,136.4,113.4,113.4,184.9,329.97,9671.0,0.0,2020.0_36.0_1.0_5.0,12.42,11.944716
2203,3,209.0,205.6428571428571,15.332,13.87,7.86,2020,7,30,20,3,178.8,12.09,7.6,147.6,121.5,121.5,179.8,310.29,11481.0,0.0,2020.0_30.0_20.0_3.0,12.09,10.968128
2324,3,191.0,207.64102564102564,15.714,13.71,7.84,2020,7,30,21,5,180.8,11.88,7.6,151.8,121.1,121.1,182.1,310.29,11432.0,0.0,2020.0_30.0_21.0_5.0,11.88,11.8842325
1322,3,135.0,146.655737704918,15.975,13.75,7.84,2020,7,28,11,7,175.5,11.7,7.59,148.7,119.6,119.6,177.7,310.29,11845.0,0.0,2020.0_28.0_11.0_7.0,11.7,12.222539
2959,3,308.5,288.25000000000006,15.07,11.72,7.85,2020,7,31,28,6,176.6,10.1,7.61,144.9,101.2,101.2,177.2,310.29,10962.0,0.0,2020.0_31.0_28.0_6.0,10.1,10.172597
1724,3,197.0,186.0,13.118,14.62,7.91,2020,7,29,15,4,174.1,12.71,7.62,137.0,121.8,121.8,175.9,310.29,11696.0,0.0,2020.0_29.0_15.0_4.0,12.71,11.446855
2550,3,218.5,239.34375,14.723,13.51,7.9,2020,7,30,23,6,173.9,11.84,7.62,142.8,118.7,118.7,174.7,310.29,11390.0,0.0,2020.0_30.0_23.0_6.0,11.84,11.785971
4423,3,298.0,298.5257731958762,11.327,12.46,8.37,2020,9,36,3,9,197.8,10.06,7.75,149.6,92.5,92.5,201.3,332.88,9575.0,87.5,2020.0_36.0_3.0_9.0,10.06,11.476055
4041,3,285.5,280.59302325581405,15.836,11.42,8.2,2020,8,35,28,1,179.6,9.34,7.73,151.4,95.3,95.3,181.6,327.23,9689.0,0.0,2020.0_35.0_28.0_1.0,9.34,10.425017
868,3,226.5,216.2058823529412,13.291324189953633,12.693286178107664,7.979475398594275,2020,7,28,6,8,176.33684640522856,11.87,7.6,144.1,119.0,119.0,175.9,310.29,12143.0,0.0,2020.0_28.0_6.0_8.0,11.87,11.326617
3333,3,266.0,311.8,16.622,11.13,7.95,2020,8,31,1,4,169.8,9.72,7.6,147.9,101.6,101.6,172.7,310.29,10843.0,0.0,2020.0_31.0_1.0_4.0,9.72,10.835255
3465,3,206.0,206.0,16.083,10.96,7.99,2020,8,31,2,6,158.8,9.86,7.63,138.8,101.7,101.7,164.4,310.29,10803.0,0.0,2020.0_31.0_2.0_6.0,9.86,11.216616
1096,3,277.0,301.875,16.408,13.64,7.79,2020,7,28,9,0,176.5,11.18,7.56,150.4,115.3,115.3,178.2,310.29,11990.0,0.0,2020.0_28.0_9.0_0.0,11.18,11.639835
3313,3,263.0,257.0,17.483,10.9,7.98,2020,8,31,1,2,171.2,9.6,7.68,151.9,101.6,101.6,175.0,310.29,10843.0,0.0,2020.0_31.0_1.0_2.0,9.6,8.637939
928,3,332.0,308.6363636363636,13.291324189953633,12.693286178107664,7.979475398594275,2020,7,28,7,5,176.33684640522856,11.2,7.58,145.7,113.8,113.8,175.4,310.29,12096.0,0.0,2020.0_28.0_7.0_5.0,11.2,12.154496
3070,3,302.0,302.6,15.62,11.73,7.92,2020,7,31,29,8,156.6,10.0,7.61,134.6,102.1,102.1,161.3,310.29,10921.0,0.0,2020.0_31.0_29.0_8.0,10.0,10.523525
2339,3,239.0,244.70370370370372,15.466,13.69,7.84,2020,7,30,21,6,181.1,11.85,7.6,149.9,120.0,120.0,181.3,310.29,11432.0,0.0,2020.0_30.0_21.0_6.0,11.850001,10.446906
2021,3,229.0,231.63636363636363,14.188,14.13,7.89,2020,7,29,18,7,177.6,12.23,7.62,143.7,120.5,120.5,178.9,310.29,11560.0,0.0,2020.0_29.0_18.0_7.0,12.23,11.784055
1807,3,216.0,247.6,12.82,14.61,7.87,2020,7,29,16,5,174.9,12.85,7.62,135.6,122.1,122.1,175.7,310.29,11659.0,0.0,2020.0_29.0_16.0_5.0,12.85,13.169212
1439,3,290.5,290.26315789473693,12.863,14.39,7.97,2020,7,28,12,8,173.3,13.08,7.74,133.3,125.2,125.2,171.5,310.29,11798.0,0.0,2020.0_28.0_12.0_8.0,13.08,11.636073
1853,3,273.0,269.52000000000004,13.105,15.02,8.23,2020,7,29,16,10,174.3,14.07,7.95,136.3,134.9,134.9,174.9,310.29,11659.0,0.0,2020.0_29.0_16.0_10.0,14.07,12.428811
2674,3,251.0,249.37254901960793,15.106,13.02,7.89,2020,7,30,24,8,172.2,11.36,7.57,144.3,114.4,114.4,175.5,310.29,11314.0,0.0,2020.0_30.0_24.0_8.0,11.36,12.018184
4478,3,290.5,299.6153846153847,13.579,11.5,8.27,2020,9,37,7,3,197.1,9.21,7.85,157.3,89.2,89.2,199.6,340.0,9733.0,0.0,2020.0_37.0_7.0_3.0,9.21,10.97799
3890,3,286.0,292.23478260869564,14.044,12.29,8.26,2020,8,35,26,7,177.6,10.6,7.74,143.5,104.0,104.0,179.5,321.37,9633.0,0.0,2020.0_35.0_26.0_7.0,10.6,11.593712
3931,3,295.0,298.41481481481463,14.488,12.54,8.51,2020,8,35,26,11,176.9,11.2,7.93,142.9,110.4,110.4,177.8,321.37,9633.0,0.0,2020.0_35.0_26.0_11.0,11.2,11.1141615
2337,3,239.0,244.70370370370372,15.394,13.7,7.84,2020,7,30,21,6,181.8,11.86,7.6,150.5,120.3,120.3,181.6,310.29,11432.0,0.0,2020.0_30.0_21.0_6.0,11.859999,11.603251
2398,3,197.5,198.17857142857144,15.547,13.25,7.86,2020,7,30,22,1,176.8,11.57,7.6,146.8,117.2,117.2,177.4,310.29,11390.0,0.0,2020.0_30.0_22.0_1.0,11.57,10.199042
3112,3,350.0,338.0769230769231,18.369,10.88,7.87,2020,7,31,30,0,173.3,9.28,7.54,154.9,99.9,99.9,175.2,310.29,10865.0,0.0,2020.0_31.0_30.0_0.0,9.28,10.502716
3780,3,256.0,267.4210526315789,13.958,12.47,8.22,2020,8,35,25,4,177.8,11.21,7.89,141.7,109.8,109.8,177.8,318.27,9641.0,0.0,2020.0_35.0_25.0_4.0,11.21,10.897352
1545,3,340.0,342.0857142857143,14.129,14.15,7.97,2020,7,29,13,8,173.9,12.3,7.66,140.3,120.9,120.9,175.2,310.29,11758.0,0.0,2020.0_29.0_13.0_8.0,12.299999,10.4411335
1784,3,294.0,284.6666666666667,13.289,14.55,7.89,2020,7,29,16,2,175.2,12.59,7.61,137.6,121.3,121.3,175.6,310.29,11659.0,0.0,2020.0_29.0_16.0_2.0,12.59,12.483505
2734,3,224.0,215.44444444444449,13.245,13.4,7.9,2020,7,30,25,2,158.1,12.16,7.66,121.4,116.7,116.7,155.7,310.29,11088.0,0.0,2020.0_30.0_25.0_2.0,12.16,12.30323
3137,3,376.0,342.0,17.316,11.13,7.91,2020,7,31,30,4,171.2,9.52,7.5,151.0,100.2,100.2,175.0,310.29,10865.0,0.0,2020.0_31.0_30.0_4.0,9.52,9.912003
3470,3,28.0,28.0,15.677,11.79,8.17,2020,8,31,2,9,160.8,10.39,7.67,132.3,106.0,106.0,158.8,310.29,10803.0,0.0,2020.0_31.0_2.0_9.0,10.390001,10.876982
1336,3,148.0,145.55555555555563,15.952,14.02,8.01,2020,7,28,11,9,174.4,12.66,7.72,147.2,129.5,129.5,176.1,310.29,11845.0,0.0,2020.0_28.0_11.0_9.0,12.66,11.254117
818,3,271.5,273.9166666666667,13.291324189953633,12.693286178107664,7.979475398594275,2020,7,27,5,9,176.33684640522856,12.11,7.65,141.5,120.1,120.1,175.0,310.29,12188.0,0.0,2020.0_27.0_5.0_9.0,12.11,11.502784
772,3,182.0,182.0,13.291324189953633,12.693286178107664,7.979475398594275,2020,7,27,5,2,176.33684640522856,11.0,7.49,147.2,112.2,112.2,176.5,310.29,12188.0,0.0,2020.0_27.0_5.0_2.0,11.0,11.51046
4019,3,313.0,319.53853211009107,15.214,12.35,8.52,2020,8,35,27,11,170.5,10.32,7.83,144.7,103.0,103.0,177.6,324.49,9670.0,0.0,2020.0_35.0_27.0_11.0,10.32,11.546371
1030,3,394.0,425.0,15.116,13.77,7.78,2020,7,28,8,4,174.8,11.39,7.57,144.2,114.2,114.2,176.3,310.29,12052.0,0.0,2020.0_28.0_8.0_4.0,11.39,10.991552
2519,3,239.0,258.4464285714286,15.804,13.2,7.87,2020,7,30,23,2,173.1,11.46,7.62,143.1,116.4,116.4,172.4,310.29,11390.0,0.0,2020.0_30.0_23.0_2.0,11.459999,11.481884
985,3,384.5,406.1296296296296,13.291324189953633,12.693286178107664,7.979475398594275,2020,7,28,7,11,176.33684640522856,12.48,7.78,142.1,125.8,125.8,172.6,310.29,12096.0,0.0,2020.0_28.0_7.0_11.0,12.4800005,11.745038
1290,3,131.0,131.0294117647059,16.523,13.66,7.81,2020,7,28,11,4,176.9,11.17,7.56,152.4,116.1,116.1,179.2,310.29,11845.0,0.0,2020.0_28.0_11.0_4.0,11.17,12.089668
801,3,279.0,292.75000000000006,13.291324189953633,12.693286178107664,7.979475398594275,2020,7,27,5,7,176.33684640522856,11.72,7.56,141.3,116.0,116.0,175.1,310.29,12188.0,0.0,2020.0_27.0_5.0_7.0,11.720001,11.361926
2888,3,277.0,277.98214285714283,14.675,12.28,8.08,2020,7,31,27,9,175.8,11.41,7.78,142.6,113.7,113.7,175.4,310.29,11017.0,0.0,2020.0_31.0_27.0_9.0,11.41,11.500756
691,3,298.0,298.14285714285717,13.291324189953633,12.693286178107664,7.979475398594275,2020,7,27,4,5,176.33684640522856,11.77,7.56,137.3,114.7,114.7,173.1,310.29,12242.0,0.0,2020.0_27.0_4.0_5.0,11.77,12.409444
2348,3,250.0,250.12612612612608,15.268,13.86,7.87,2020,7,30,21,7,181.5,12.11,7.62,148.4,122.1,122.1,180.3,310.29,11432.0,0.0,2020.0_30.0_21.0_7.0,12.11,11.3507
4210,3,309.5,315.7,10.92,13.73,8.38,2020,9,36,1,7,186.3,12.04,7.94,137.6,109.3,109.3,187.7,329.97,9671.0,0.0,2020.0_36.0_1.0_7.0,12.04,11.602344
5743,4,706.0,707.6678899082566,12.988,12.693286178107664,8.05,2021,6,25,24,9,176.33684640522856,7.58,7.23,134.9,72.2,72.2,177.80805369127543,696.057710345493,9087.72946627076,90.0,2021.0_25.0_24.0_9.0,7.58,11.051344
6154,4,693.5,693.5,12.816,12.693286178107664,7.86,2021,7,26,2,7,176.33684640522856,11.57,7.33,125.8,109.7,109.7,177.80805369127543,690.0,8988.63,0.0,2021.0_26.0_2.0_7.0,11.57,11.319086
6086,4,933.5,928.7142857142856,13.39,12.693286178107664,8.23,2021,7,26,1,11,176.33684640522856,11.14,7.27,121.1,105.8,105.8,177.80805369127543,747.563762944561,9740.00826740469,0.0,2021.0_26.0_1.0_11.0,11.14,10.735655
5511,4,538.0,629.6666666666666,13.513,12.693286178107664,8.12,2021,6,23,13,11,176.33684640522856,10.88,7.36,99.2,103.3,103.3,177.80805369127543,604.435052436618,7941.06771891229,0.0,2021.0_23.0_13.0_11.0,10.879999,11.862223
6079,4,875.0,843.3809523809524,12.267,12.693286178107664,8.14,2021,7,26,1,10,176.33684640522856,10.08,7.19,118.6,94.6,94.6,177.80805369127543,747.563762944561,9740.00826740469,0.0,2021.0_26.0_1.0_10.0,10.080001,11.517097
5616,4,697.5,706.5283018867926,12.537,12.693286178107664,7.8,2021,6,25,23,6,176.33684640522856,11.13,7.35,108.8,105.5,105.5,177.80805369127543,690.012408845646,9017.08215879491,0.0,2021.0_25.0_23.0_6.0,11.13,12.296385
5979,4,845.0,848.0588235294119,13.969,12.693286178107664,8.14,2021,6,26,30,11,176.33684640522856,10.83,7.29,118.4,104.9,104.9,177.80805369127543,739.815393170875,9643.49364998235,0.0,2021.0_26.0_30.0_11.0,10.83,10.548644
4983,4,98.0,98.0,12.478,12.693286178107664,7.93,2021,5,22,31,1,176.33684640522856,13.17,7.66,139.7,124.2,124.2,177.80805369127543,553.766280746354,7341.27958385442,0.0,2021.0_22.0_31.0_1.0,13.17,10.197368
6150,4,693.5,693.5,12.728,12.693286178107664,7.92,2021,7,26,2,7,176.33684640522856,11.47,7.33,126.1,109.0,109.0,177.80805369127543,690.0,8988.63,0.0,2021.0_26.0_2.0_7.0,11.47,9.9744215
4701,4,113.0,113.0,9.463,12.693286178107664,7.78,2021,5,21,25,4,176.33684640522856,10.25,7.79,123.7,89.8,89.8,177.80805369127543,533.497253752469,7086.9775188478,0.0,2021.0_21.0_25.0_4.0,10.25,11.497368
5854,4,713.0,718.853223593964,12.873,12.693286178107664,8.05,2021,6,25,25,9,176.33684640522856,9.32,7.49,135.3,88.8,88.8,177.80805369127543,702.951092698435,9176.32356408536,90.0,2021.0_25.0_25.0_9.0,9.32,10.472146
5656,4,741.0,743.5698757763968,13.649,12.693286178107664,8.14,2021,6,25,23,11,176.33684640522856,10.69,7.41,109.6,103.5,103.5,177.80805369127543,690.012408845646,9017.08215879491,0.0,2021.0_25.0_23.0_11.0,10.69,10.917158
4966,4,187.0,187.0,9.571,12.693286178107664,8.0,2021,5,21,30,8,176.33684640522856,14.6,7.74,128.6,128.5,128.5,177.80805369127543,548.863950253859,7277.38711641591,0.0,2021.0_21.0_30.0_8.0,14.600001,12.186204
5734,4,706.0,717.9973614775723,12.852,12.693286178107664,8.01,2021,6,25,24,8,176.33684640522856,11.28,7.5,133.4,107.3,107.3,177.80805369127543,696.057710345493,9087.72946627076,0.0,2021.0_25.0_24.0_8.0,11.280001,12.322958
6158,4,308.0,594.5714285714286,13.056,12.693286178107664,8.12,2021,7,26,2,9,176.33684640522856,8.89,7.13,127.0,84.6,84.6,177.80805369127543,690.0,8988.63,100.0,2021.0_26.0_2.0_9.0,8.89,10.80491
5943,4,841.0,847.7368421052631,13.075,12.693286178107664,7.86,2021,6,26,30,6,176.33684640522856,8.09,7.29,112.7,77.8,77.8,177.80805369127543,739.815393170875,9643.49364998235,0.0,2021.0_26.0_30.0_6.0,8.09,10.729005
5030,4,602.0,642.1818181818184,11.766,12.693286178107664,8.16,2021,6,23,8,10,176.33684640522856,12.04,7.49,132.3,111.6,111.6,177.80805369127543,575.70879810027,7579.78203578815,0.0,2021.0_23.0_8.0_10.0,12.04,11.255562
5324,4,675.0,667.3815789473686,12.071,12.693286178107664,8.07,2021,6,23,11,8,176.33684640522856,11.28,7.61,125.3,105.1,105.1,177.80805369127543,594.092153055371,7812.31181267813,0.0,2021.0_23.0_11.0_8.0,11.280001,10.826776
4868,4,194.0,194.0,11.352,12.693286178107664,7.91,2021,5,21,28,1,176.33684640522856,13.9,7.67,135.3,127.3,127.3,177.80805369127543,543.585313650284,7217.72579464847,0.0,2021.0_21.0_28.0_1.0,13.899999,12.67038
6110,4,1044.0,1027.75,13.828,12.693286178107664,7.87,2021,7,26,2,1,176.33684640522856,12.29,7.39,128.3,119.1,119.1,177.80805369127543,690.0,8988.63,0.0,2021.0_26.0_2.0_1.0,12.29,12.407131
4794,4,146.0,162.4666666666667,9.67,12.693286178107664,7.76,2021,5,21,26,5,176.33684640522856,9.82,7.75,130.7,86.6,86.6,177.80805369127543,538.691472361322,7154.90013590308,0.0,2021.0_21.0_26.0_5.0,9.819999,10.735729
5243,4,664.0,676.7757575757578,12.302,12.693286178107664,8.11,2021,6,23,10,11,176.33684640522856,10.37,7.41,101.7,96.6,96.6,177.80805369127543,588.014049423704,7739.4409185148,0.0,2021.0_23.0_10.0_11.0,10.37,11.517416
5250,4,697.0,712.9444444444445,13.466,12.693286178107664,7.9,2021,6,23,11,0,176.33684640522856,10.35,7.54,136.9,100.1,100.1,177.80805369127543,594.092153055371,7812.31181267813,0.0,2021.0_23.0_11.0_0.0,10.35,10.956357
5391,4,805.5,832.25,11.567,12.693286178107664,7.74,2021,6,23,12,4,176.33684640522856,11.17,7.4,99.4,103.3,103.3,177.80805369127543,599.871620735979,7887.11206943666,0.0,2021.0_23.0_12.0_4.0,11.17,12.103358
4777,4,188.0,177.33333333333331,10.717,12.693286178107664,7.76,2021,5,21,26,3,176.33684640522856,9.7,7.75,133.2,86.8,86.8,177.80805369127543,538.691472361322,7154.90013590308,0.0,2021.0_21.0_26.0_3.0,9.7,10.427613
5660,4,741.0,743.5698757763968,13.917,12.693286178107664,8.13,2021,6,25,23,11,176.33684640522856,11.14,7.48,111.1,108.5,108.5,177.80805369127543,690.012408845646,9017.08215879491,0.0,2021.0_25.0_23.0_11.0,11.14,10.51548
5392,4,541.0,632.6666666666666,11.426,12.693286178107664,7.74,2021,6,23,12,5,176.33684640522856,11.17,7.39,96.6,103.0,103.0,177.80805369127543,599.871620735979,7887.11206943666,0.0,2021.0_23.0_12.0_5.0,11.17,11.631494
4758,4,149.0,150.0,11.326,12.693286178107664,7.76,2021,5,21,26,1,176.33684640522856,9.23,7.74,137.2,84.7,84.7,177.80805369127543,538.691472361322,7154.90013590308,0.0,2021.0_21.0_26.0_1.0,9.23,11.286323
6000,4,918.5,945.5357142857144,13.257,12.693286178107664,7.86,2021,7,26,1,1,176.33684640522856,12.19,7.32,117.9,117.5,117.5,177.80805369127543,747.563762944561,9740.00826740469,0.0,2021.0_26.0_1.0_1.0,12.19,12.119938
5925,4,745.0,813.5384615384614,13.693,12.693286178107664,7.84,2021,6,26,30,4,176.33684640522856,9.09,7.34,114.2,88.6,88.6,177.80805369127543,739.815393170875,9643.49364998235,0.0,2021.0_26.0_30.0_4.0,9.09,11.5701065
5023,4,602.0,642.1818181818184,11.732,12.693286178107664,8.15,2021,6,23,8,10,176.33684640522856,11.79,7.45,132.2,109.1,109.1,177.80805369127543,575.70879810027,7579.78203578815,0.0,2021.0_23.0_8.0_10.0,11.79,11.046849
4762,4,142.0,134.11764705882354,11.174,12.693286178107664,7.76,2021,5,21,26,2,176.33684640522856,9.31,7.74,136.1,84.8,84.8,177.80805369127543,538.691472361322,7154.90013590308,0.0,2021.0_21.0_26.0_2.0,9.31,10.063324
5176,4,644.5,678.0882352941177,11.254,12.693286178107664,7.77,2021,6,23,10,4,176.33684640522856,11.53,7.38,90.1,105.9,105.9,177.80805369127543,588.014049423704,7739.4409185148,0.0,2021.0_23.0_10.0_4.0,11.53,10.885682
5132,4,616.0,621.2600000000006,12.66,12.693286178107664,8.22,2021,6,23,9,10,176.33684640522856,12.02,7.57,127.1,112.9,112.9,177.80805369127543,582.544587254151,7668.61694661364,0.0,2021.0_23.0_9.0_10.0,12.02,12.545761
5605,4,707.0,714.0606060606062,13.243,12.693286178107664,7.83,2021,6,25,23,5,176.33684640522856,10.56,7.36,118.4,101.2,101.2,177.80805369127543,690.012408845646,9017.08215879491,0.0,2021.0_25.0_23.0_5.0,10.56,10.791675
5325,4,675.0,667.3815789473686,12.076,12.693286178107664,8.09,2021,6,23,11,8,176.33684640522856,11.28,7.61,125.3,105.1,105.1,177.80805369127543,594.092153055371,7812.31181267813,0.0,2021.0_23.0_11.0_8.0,11.280001,12.251075
5190,4,641.0,648.0789473684213,10.75,12.693286178107664,7.75,2021,6,23,10,5,176.33684640522856,11.59,7.36,85.3,105.2,105.2,177.80805369127543,588.014049423704,7739.4409185148,0.0,2021.0_23.0_10.0_5.0,11.589999,11.835761
4850,4,149.0,168.66666666666666,10.37,12.693286178107664,8.22,2021,5,21,27,10,176.33684640522856,13.74,7.78,132.2,123.4,123.4,177.80805369127543,543.585313650284,7218.81296527578,0.0,2021.0_21.0_27.0_10.0,13.74,11.791011
4774,4,188.0,177.33333333333331,10.717,12.693286178107664,7.76,2021,5,21,26,3,176.33684640522856,9.59,7.75,133.8,86.1,86.1,177.80805369127543,538.691472361322,7154.90013590308,0.0,2021.0_21.0_26.0_3.0,9.59,7.969422
5214,4,643.0,647.2033898305083,10.694,12.693286178107664,7.95,2021,6,23,10,8,176.33684640522856,10.81,7.3,88.7,97.4,97.4,177.80805369127543,588.014049423704,7739.4409185148,0.0,2021.0_23.0_10.0_8.0,10.81,11.4743185
5175,4,686.0,705.1212121212121,11.393,12.693286178107664,7.77,2021,6,23,10,3,176.33684640522856,11.58,7.39,92.4,106.7,106.7,177.80805369127543,588.014049423704,7739.4409185148,0.0,2021.0_23.0_10.0_3.0,11.58,11.191697
5413,4,782.0,784.0277777777779,10.818,12.693286178107664,7.78,2021,6,23,12,7,176.33684640522856,11.71,7.39,88.7,106.0,106.0,177.80805369127543,599.871620735979,7887.11206943666,0.0,2021.0_23.0_12.0_7.0,11.71,11.628649
5869,4,740.5,739.3430769230773,13.798,12.693286178107664,8.18,2021,6,25,25,11,176.33684640522856,8.86,7.52,138.6,85.7,85.7,177.80805369127543,702.951092698435,9176.32356408536,0.0,2021.0_25.0_25.0_11.0,8.86,9.908822
5502,4,747.0,686.3333333333334,12.767,12.693286178107664,8.05,2021,6,23,13,10,176.33684640522856,10.2,7.23,98.8,96.0,96.0,177.80805369127543,604.435052436618,7941.06771891229,0.0,2021.0_23.0_13.0_10.0,10.2,11.765153
5849,4,706.0,710.3650793650793,12.789,12.693286178107664,8.03,2021,6,25,25,8,176.33684640522856,6.92,7.26,135.3,65.8,65.8,177.80805369127543,702.951092698435,9176.32356408536,0.0,2021.0_25.0_25.0_8.0,6.92,9.91617
4705,4,113.0,113.0,9.486,12.693286178107664,7.78,2021,5,21,25,4,176.33684640522856,10.16,7.77,124.2,89.0,89.0,177.80805369127543,533.497253752469,7086.9775188478,0.0,2021.0_21.0_25.0_4.0,10.16,9.903981
5127,4,632.0,641.632183908046,12.374,12.693286178107664,8.18,2021,6,23,9,9,176.33684640522856,11.48,7.49,126.1,107.0,107.0,177.80805369127543,582.544587254151,7668.61694661364,72.0,2021.0_23.0_9.0_9.0,11.48,11.984216
5482,4,524.0,548.3333333333334,12.156,12.693286178107664,7.92,2021,6,23,13,8,176.33684640522856,10.89,7.34,105.8,102.1,102.1,177.80805369127543,604.435052436618,7941.06771891229,0.0,2021.0_23.0_13.0_8.0,10.89,11.97899
4683,4,150.0,134.2,9.557,12.693286178107664,7.78,2021,5,21,25,2,176.33684640522856,10.09,7.77,122.2,88.6,88.6,177.80805369127543,533.497253752469,7086.9775188478,0.0,2021.0_21.0_25.0_2.0,10.09,10.438642
5198,4,638.0,670.0634920634922,10.63,12.693286178107664,7.76,2021,6,23,10,6,176.33684640522856,11.44,7.33,84.8,103.2,103.2,177.80805369127543,588.014049423704,7739.4409185148,0.0,2021.0_23.0_10.0_6.0,11.44,11.214453
5536,4,585.5,585.5,11.861,12.693286178107664,7.82,2021,6,24,15,8,176.33684640522856,11.45,7.12,73.6,106.5,106.5,177.80805369127543,644.951249238269,8462.40534125533,0.0,2021.0_24.0_15.0_8.0,11.45,11.630112
5897,4,936.0,892.6923076923076,14.913,12.693286178107664,7.83,2021,6,26,30,1,176.33684640522856,8.54,7.25,117.5,85.4,85.4,177.80805369127543,739.815393170875,9643.49364998235,0.0,2021.0_26.0_30.0_1.0,8.54,10.732857
5298,4,690.5,657.25,12.373,12.693286178107664,7.9,2021,6,23,11,5,176.33684640522856,10.67,7.52,127.4,100.4,100.4,177.80805369127543,594.092153055371,7812.31181267813,0.0,2021.0_23.0_11.0_5.0,10.67,10.216992
5353,4,687.0,696.6923076923076,13.351,12.693286178107664,7.91,2021,6,23,12,0,176.33684640522856,10.88,7.54,132.2,104.0,104.0,177.80805369127543,599.871620735979,7887.11206943666,0.0,2021.0_23.0_12.0_0.0,10.879999,10.884522
5289,4,673.0,590.1111111111111,12.597,12.693286178107664,7.89,2021,6,23,11,4,176.33684640522856,11.17,7.57,127.9,105.8,105.8,177.80805369127543,594.092153055371,7812.31181267813,0.0,2021.0_23.0_11.0_4.0,11.17,11.94266
5219,4,643.0,647.2033898305083,10.612,12.693286178107664,7.92,2021,6,23,10,8,176.33684640522856,11.71,7.39,89.7,105.7,105.7,177.80805369127543,588.014049423704,7739.4409185148,0.0,2021.0_23.0_10.0_8.0,11.71,12.955654
5627,4,738.0,752.5362637362638,12.433,12.693286178107664,7.92,2021,6,25,23,8,176.33684640522856,11.38,7.36,102.2,107.2,107.2,177.80805369127543,690.012408845646,9017.08215879491,0.0,2021.0_25.0_23.0_8.0,11.38,10.788625
5554,4,680.0,694.7764227642284,15.286,12.693286178107664,7.88,2021,6,25,23,0,176.33684640522856,13.11,7.41,130.6,131.6,131.6,177.80805369127543,690.012408845646,9017.08215879491,0.0,2021.0_25.0_23.0_0.0,13.11,11.336377
5797,4,684.0,707.2972972972977,14.151,12.693286178107664,7.89,2021,6,25,25,3,176.33684640522856,9.46,7.49,139.8,92.7,92.7,177.80805369127543,702.951092698435,9176.32356408536,0.0,2021.0_25.0_25.0_3.0,9.46,10.556112
4805,4,119.5,137.0,9.429,12.693286178107664,7.77,2021,5,21,26,6,176.33684640522856,10.23,7.77,128.8,89.1,89.1,177.80805369127543,538.691472361322,7154.90013590308,0.0,2021.0_21.0_26.0_6.0,10.23,10.717974
4887,4,101.5,107.25,10.486,12.693286178107664,7.9,2021,5,21,28,4,176.33684640522856,14.23,7.68,132.5,128.0,128.0,177.80805369127543,543.585313650284,7217.72579464847,0.0,2021.0_21.0_28.0_4.0,14.23,11.925121
5242,4,664.0,676.7757575757578,11.9,12.693286178107664,8.1,2021,6,23,10,11,176.33684640522856,10.37,7.41,101.7,96.6,96.6,177.80805369127543,588.014049423704,7739.4409185148,0.0,2021.0_23.0_10.0_11.0,10.37,11.449223
5185,4,641.0,648.0789473684213,10.912,12.693286178107664,7.74,2021,6,23,10,5,176.33684640522856,11.82,7.38,85.8,107.6,107.6,177.80805369127543,588.014049423704,7739.4409185148,0.0,2021.0_23.0_10.0_5.0,11.82,11.809576
5145,4,713.0,673.969696969697,12.799,12.693286178107664,7.89,2021,6,23,10,0,176.33684640522856,10.95,7.48,122.6,103.8,103.8,177.80805369127543,588.014049423704,7739.4409185148,0.0,2021.0_23.0_10.0_0.0,10.95,10.242115
5642,4,742.0,751.9870410367166,12.675,12.693286178107664,7.99,2021,6,25,23,9,176.33684640522856,11.19,7.39,103.2,106.2,106.2,177.80805369127543,690.012408845646,9017.08215879491,79.0,2021.0_25.0_23.0_9.0,11.19,11.109366
6084,4,875.0,843.3809523809524,12.827,12.693286178107664,8.18,2021,7,26,1,10,176.33684640522856,11.48,7.3,119.1,108.4,108.4,177.80805369127543,747.563762944561,9740.00826740469,0.0,2021.0_26.0_1.0_10.0,11.48,11.665882
4783,4,174.5,167.73076923076923,10.317,12.693286178107664,7.76,2021,5,21,26,4,176.33684640522856,9.62,7.74,132.2,85.7,85.7,177.80805369127543,538.691472361322,7154.90013590308,0.0,2021.0_21.0_26.0_4.0,9.62,11.656232
5497,4,934.0,934.0,12.198,12.693286178107664,7.95,2021,6,23,13,9,176.33684640522856,8.94,7.15,99.0,84.0,84.0,177.80805369127543,604.435052436618,7941.06771891229,73.0,2021.0_23.0_13.0_9.0,8.94,10.513148
5681,4,691.0,676.7039999999998,14.419,12.693286178107664,7.88,2021,6,25,24,2,176.33684640522856,10.83,7.46,138.1,106.9,106.9,177.80805369127543,696.057710345493,9087.72946627076,0.0,2021.0_25.0_24.0_2.0,10.83,12.473814
6083,4,875.0,843.3809523809524,12.549,12.693286178107664,8.2,2021,7,26,1,10,176.33684640522856,11.48,7.3,119.1,108.4,108.4,177.80805369127543,747.563762944561,9740.00826740469,0.0,2021.0_26.0_1.0_10.0,11.48,11.912146
5058,4,635.5,631.6285714285717,12.694,12.693286178107664,7.9,2021,6,23,9,1,176.33684640522856,11.55,7.45,133.0,109.2,109.2,177.80805369127543,582.544587254151,7668.61694661364,0.0,2021.0_23.0_9.0_1.0,11.55,11.051404
4740,4,133.0,136.0,11.196,12.693286178107664,8.24,2021,5,21,25,11,176.33684640522856,11.18,8.02,132.3,101.4,101.4,177.80805369127543,533.497253752469,7086.9775188478,0.0,2021.0_21.0_25.0_11.0,11.18,11.247268
6036,4,1014.0,1038.054054054054,12.082,12.693286178107664,7.87,2021,7,26,1,5,176.33684640522856,13.58,7.44,115.6,127.1,127.1,177.80805369127543,747.563762944561,9740.00826740469,0.0,2021.0_26.0_1.0_5.0,13.58,11.874251
5475,4,734.5,775.3333333333333,12.191,12.693286178107664,7.89,2021,6,23,13,7,176.33684640522856,9.93,7.3,118.1,93.7,93.7,177.80805369127543,604.435052436618,7941.06771891229,0.0,2021.0_23.0_13.0_7.0,9.93,11.565516
5489,4,524.0,548.3333333333334,12.144,12.693286178107664,7.93,2021,6,23,13,8,176.33684640522856,10.51,7.32,99.9,98.4,98.4,177.80805369127543,604.435052436618,7941.06771891229,0.0,2021.0_23.0_13.0_8.0,10.51,10.868216
5440,4,560.0,560.0,14.486,12.693286178107664,7.84,2021,6,23,13,0,176.33684640522856,10.5,7.39,134.5,103.4,103.4,177.80805369127543,604.435052436618,7941.06771891229,0.0,2021.0_23.0_13.0_0.0,10.5,10.559057
4759,4,149.0,150.0,11.661,12.693286178107664,7.77,2021,5,21,26,1,176.33684640522856,9.34,7.75,136.6,85.4,85.4,177.80805369127543,538.691472361322,7154.90013590308,0.0,2021.0_21.0_26.0_1.0,9.34,12.812071
6180,4,219.0,219.0,13.617,12.693286178107664,7.91,2021,7,26,3,8,176.33684640522856,10.89,7.33,141.3,105.1,105.1,177.80805369127543,697.676364473785,9087.23464727105,0.0,2021.0_26.0_3.0_8.0,10.89,11.9216175
4781,4,174.5,167.73076923076923,10.208,12.693286178107664,7.76,2021,5,21,26,4,176.33684640522856,9.6,7.74,132.8,85.7,85.7,177.80805369127543,538.691472361322,7154.90013590308,0.0,2021.0_21.0_26.0_4.0,9.6,11.640065
4962,4,187.0,187.0,9.734,12.693286178107664,8.08,2021,5,21,30,8,176.33684640522856,15.0,7.76,128.9,132.0,132.0,177.80805369127543,548.863950253859,7277.38711641591,0.0,2021.0_21.0_30.0_8.0,15.000001,13.474871
5762,4,720.0,715.7750472589788,13.721,12.693286178107664,8.16,2021,6,25,24,11,176.33684640522856,7.33,7.28,136.9,70.9,70.9,177.80805369127543,696.057710345493,9087.72946627076,0.0,2021.0_25.0_24.0_11.0,7.33,11.0464525
5474,4,734.5,775.3333333333333,12.243,12.693286178107664,7.88,2021,6,23,13,7,176.33684640522856,9.93,7.3,118.1,93.7,93.7,177.80805369127543,604.435052436618,7941.06771891229,0.0,2021.0_23.0_13.0_7.0,9.93,10.692835
6069,4,708.0,718.0,12.082,12.693286178107664,8.09,2021,7,26,1,9,176.33684640522856,9.17,7.12,116.9,85.1,85.1,177.80805369127543,747.563762944561,9740.00826740469,101.0,2021.0_26.0_1.0_9.0,9.17,11.150569
4741,4,133.0,136.0,10.636,12.693286178107664,8.08,2021,5,21,25,11,176.33684640522856,10.66,7.91,133.6,97.4,97.4,177.80805369127543,533.497253752469,7086.9775188478,0.0,2021.0_21.0_25.0_11.0,10.660001,9.659781
5916,4,812.0,785.421052631579,14.037,12.693286178107664,7.83,2021,6,26,30,3,176.33684640522856,11.38,7.34,115.2,111.9,111.9,177.80805369127543,739.815393170875,9643.49364998235,0.0,2021.0_26.0_30.0_3.0,11.38,11.525708
5506,4,747.0,686.3333333333334,12.436,12.693286178107664,8.01,2021,6,23,13,10,176.33684640522856,10.0,7.29,98.7,94.7,94.7,177.80805369127543,604.435052436618,7941.06771891229,0.0,2021.0_23.0_13.0_10.0,10.0,11.657721
5358,4,674.0,658.6428571428571,13.041,12.693286178107664,7.86,2021,6,23,12,1,176.33684640522856,11.06,7.54,131.0,105.4,105.4,177.80805369127543,599.871620735979,7887.11206943666,0.0,2021.0_23.0_12.0_1.0,11.06,11.143844
4699,4,113.0,113.0,9.486,12.693286178107664,7.78,2021,5,21,25,4,176.33684640522856,10.25,7.79,123.7,89.8,89.8,177.80805369127543,533.497253752469,7086.9775188478,0.0,2021.0_21.0_25.0_4.0,10.25,10.382175
5558,4,680.0,694.7764227642284,15.181,12.693286178107664,7.87,2021,6,25,23,0,176.33684640522856,11.93,7.39,131.2,119.5,119.5,177.80805369127543,690.012408845646,9017.08215879491,0.0,2021.0_25.0_23.0_0.0,11.93,11.460949
5046,4,647.0,654.2244897959184,12.861,12.693286178107664,7.92,2021,6,23,9,0,176.33684640522856,11.44,7.45,135.7,108.7,108.7,177.80805369127543,582.544587254151,7668.61694661364,0.0,2021.0_23.0_9.0_0.0,11.44,10.692933
5320,4,675.0,667.3815789473686,12.066,12.693286178107664,8.05,2021,6,23,11,8,176.33684640522856,11.36,7.61,125.3,105.8,105.8,177.80805369127543,594.092153055371,7812.31181267813,0.0,2021.0_23.0_11.0_8.0,11.36,10.4274
5438,4,560.0,560.0,14.347,12.693286178107664,7.83,2021,6,23,13,0,176.33684640522856,10.49,7.4,137.0,103.5,103.5,177.80805369127543,604.435052436618,7941.06771891229,0.0,2021.0_23.0_13.0_0.0,10.49,11.523442
5617,4,694.0,703.1237623762374,12.464,12.693286178107664,7.82,2021,6,25,23,7,176.33684640522856,11.77,7.37,105.9,111.2,111.2,177.80805369127543,690.012408845646,9017.08215879491,0.0,2021.0_25.0_23.0_7.0,11.77,11.6344385
5917,4,812.0,785.421052631579,14.276,12.693286178107664,7.83,2021,6,26,30,3,176.33684640522856,11.0,7.32,115.3,107.8,107.8,177.80805369127543,739.815393170875,9643.49364998235,0.0,2021.0_26.0_30.0_3.0,11.0,11.782153
5181,4,644.5,678.0882352941177,11.009,12.693286178107664,7.75,2021,6,23,10,4,176.33684640522856,11.7,7.38,88.1,107.0,107.0,177.80805369127543,588.014049423704,7739.4409185148,0.0,2021.0_23.0_10.0_4.0,11.7,11.674735
5886,4,794.0,802.3698630136987,15.236,12.693286178107664,8.2,2021,6,26,29,10,176.33684640522856,8.11,7.46,141.6,81.4,81.4,177.80805369127543,731.761393017465,9539.97328076869,0.0,2021.0_26.0_29.0_10.0,8.11,11.155905
5574,4,679.0,686.9094202898548,14.427,12.693286178107664,7.87,2021,6,25,23,2,176.33684640522856,11.23,7.43,132.6,111.1,111.1,177.80805369127543,690.012408845646,9017.08215879491,0.0,2021.0_25.0_23.0_2.0,11.23,11.334591
4862,4,194.0,194.0,11.352,12.693286178107664,7.91,2021,5,21,28,1,176.33684640522856,13.88,7.68,135.7,127.5,127.5,177.80805369127543,543.585313650284,7217.72579464847,0.0,2021.0_21.0_28.0_1.0,13.88,12.993049
5976,4,743.0,747.1000000000001,13.672,12.693286178107664,8.17,2021,6,26,30,10,176.33684640522856,11.18,7.32,117.6,108.0,108.0,177.80805369127543,739.815393170875,9643.49364998235,0.0,2021.0_26.0_30.0_10.0,11.18,11.8046875
5273,4,651.0,672.9166666666666,13.099,12.693286178107664,7.89,2021,6,23,11,2,176.33684640522856,10.86,7.54,130.5,103.5,103.5,177.80805369127543,594.092153055371,7812.31181267813,0.0,2021.0_23.0_11.0_2.0,10.86,10.943471
6018,4,875.0,911.3370786516856,12.608,12.693286178107664,7.87,2021,7,26,1,3,176.33684640522856,13.34,7.4,116.3,126.5,126.5,177.80805369127543,747.563762944561,9740.00826740469,0.0,2021.0_26.0_1.0_3.0,13.34,11.599091
